District,State,iceberg_index,surface_index,surprise_index,urban_pct,total_employment,Latitude,Longitude,Type
Andaman Islands,Andaman and Nicobar,45.900000000000006,52.325,-6.425,63.900862068965516,58245442.5,12.300357061510379,92.78607247189314,Polygon
Nicobar Islands,Andaman and Nicobar,61.18,66.81,-5.63,0.0,125798766.0,7.527112809427615,93.5986088439153,Polygon
Adilabad,Andhra Pradesh,27.51,0.0,27.51,86.98630136986301,409415156.0,19.25495585892584,78.9665886785475,Polygon
Anantapur,Andhra Pradesh,43.7,68.05,-24.35,88.0794701986755,462434493.0,14.476118640181276,77.57067053494902,Polygon
Chittoor,Andhra Pradesh,35.76,68.05,-32.29,72.36842105263158,590994265.0,13.457116445542898,79.00405571419907,Polygon
Cuddapah,Andhra Pradesh,26.29,68.05,-41.76,93.89312977099236,518994007.0,14.451551343892161,78.77410120093197,Polygon
East Godavari,Andhra Pradesh,33.63,57.3,-23.67,40.09216589861751,539501329.0,17.18503522236098,82.00095215602919,Polygon
Guntur,Andhra Pradesh,44.79,63.67,-18.88,43.40425531914894,480227700.0,16.2917961764043,80.08110973140224,Polygon
Hyderabad,Andhra Pradesh,62.07,68.05,-5.98,0.0,26822383.0,17.385632744928294,78.46413200446672,Polygon
Karimnagar,Andhra Pradesh,33.84,0.0,33.84,39.0625,358447304.0,18.546717605970983,79.23467558913563,Polygon
Khammam,Andhra Pradesh,33.69,0.0,33.69,46.0,257075829.0,17.591167659752763,80.67922887035763,Polygon
Krishna,Andhra Pradesh,40.83,64.4,-23.57,59.06432748538012,591896182.0,16.551225616638853,80.79258705025728,Polygon
Kurnool,Andhra Pradesh,44.31,66.95,-22.64,51.30890052356021,839885461.0,15.528542923916202,78.00002381957012,Polygon
Mahbubnagar,Andhra Pradesh,24.21,0.0,24.21,64.54545454545455,290393666.0,16.494246931987398,78.14037832874813,Polygon
Medak,Andhra Pradesh,20.06,68.05,-47.99,91.11111111111111,383025206.0,17.885180649189167,78.21092553332186,Polygon
Nalgonda,Andhra Pradesh,33.39,64.67,-31.28,72.16494845360825,607053792.0,17.06268623983737,79.28135924247565,Polygon
Nellore,Andhra Pradesh,37.85,61.73,-23.88,68.8,694159794.0,14.430857930266038,79.72271881798109,Polygon
Nizamabad,Andhra Pradesh,35.39,45.92,-10.53,66.18705035971223,771602377.0,18.52440245276085,78.13944783856951,Polygon
Prakasam,Andhra Pradesh,42.57,68.05,-25.48,74.2671009771987,883853980.0,15.612089805231864,79.50949185078564,Polygon
Rangareddi,Andhra Pradesh,54.77,67.58,-12.81,4.699093157460841,3008423926.0,17.28433513896967,78.17222465307046,Polygon
Srikakulam,Andhra Pradesh,37.66,68.05,-30.39,79.75460122699386,850114004.0,18.57162791182341,83.97957411330754,Polygon
Vishakhapatnam,Andhra Pradesh,47.64,66.97,-19.33,7.169811320754717,586803434.0,17.885327368966486,82.68196091765326,Polygon
Vizianagaram,Andhra Pradesh,42.15,0.0,42.15,75.10373443983403,585644412.0,18.466226832915154,83.36399469101387,Polygon
Warangal,Andhra Pradesh,34.9,51.037499999999994,-16.1375,74.97226465880983,310023275.25,17.950679236996937,79.7919027786629,Polygon
West Godavari,Andhra Pradesh,35.44,68.05,-32.61,59.12698412698413,702247186.0,16.88743634216075,81.39214914817907,Polygon
Changlang,Arunachal Pradesh,39.39,0.0,39.39,89.30348258706468,59574593.0,27.37781275553173,96.35717446755629,Polygon
East Kameng,Arunachal Pradesh,41.41,0.0,41.41,66.77631578947368,42460908.0,27.294598865613207,93.0320514073148,Polygon
East Siang,Arunachal Pradesh,41.56,45.92,-4.36,84.86055776892431,40212624.0,28.118448180299563,95.16317347652573,Polygon
Kurung Kumey,Arunachal Pradesh,46.25,0.0,46.25,94.05405405405406,29810182.0,28.03839680321419,93.31778359240599,Polygon
Lohit,Arunachal Pradesh,40.41,0.0,40.41,77.59562841530054,26055469.0,27.98910220451729,96.59122836615444,Polygon
Lower Dibang Valley,Arunachal Pradesh,36.98,0.0,36.98,86.90476190476191,42527600.0,28.364471588972766,95.8177986419741,Polygon
Lower Subansiri,Arunachal Pradesh,52.26,0.0,52.26,71.76470588235294,10601977.0,27.671413746796535,93.87240120574066,Polygon
Papum Pare,Arunachal Pradesh,51.22,45.92,5.3,40.45226130653266,41201866.0,27.274999314495673,93.5882567536683,Polygon
Tawang,Arunachal Pradesh,34.33,0.0,34.33,88.1578947368421,15257624.0,27.656373588953976,91.9142430033553,Polygon
Tirap,Arunachal Pradesh,38.6,0.0,38.6,58.666666666666664,19780752.0,26.955193951084045,95.45151939302427,Polygon
Upper Dibang Valley,Arunachal Pradesh,41.59,0.0,41.59,100.0,7810759.0,28.955706905181692,95.94275331941263,Polygon
Upper Siang,Arunachal Pradesh,47.12,0.0,47.12,48.66666666666667,17473564.0,28.829314422087638,94.90773676627835,Polygon
Upper Subansiri,Arunachal Pradesh,39.4,0.0,39.4,84.02777777777779,22659547.0,28.292452221972493,93.93196691952636,Polygon
West Kameng,Arunachal Pradesh,40.24,0.0,40.24,51.63043478260869,21809719.0,27.434355747432424,92.5142776922157,Polygon
West Siang,Arunachal Pradesh,49.19,0.0,49.19,20.80536912751678,14607794.0,28.316153544915455,94.50783797109568,Polygon
Barpeta,Assam,31.58,0.0,31.58,81.11587982832617,417314511.0,26.439206668601216,91.02574972337665,Polygon
Bongaigaon,Assam,39.93,0.0,39.93,59.82142857142857,232973200.0,26.490213783909415,90.64644780669735,Polygon
Cachar,Assam,40.48,0.0,40.48,72.82608695652173,566954695.0,24.81419422687327,92.85745309234757,Polygon
Darrang,Assam,32.38,0.0,32.38,89.51612903225806,206726726.0,26.60661431057555,92.02646265755838,Polygon
Dhemaji,Assam,33.96,0.0,33.96,86.8421052631579,292734414.0,27.59064004202367,94.78060068056794,Polygon
Dhuburi,Assam,26.06,0.0,26.06,82.6086956521739,611606416.0,26.101987029850015,90.02918032478568,Polygon
Dibrugarh,Assam,30.28,0.0,30.28,72.13541666666666,618621053.0,27.371686704782707,95.05491494529298,Polygon
Goalpara,Assam,28.7,0.0,28.7,70.0,128843536.0,26.048093794771475,90.60864936509348,Polygon
Golaghat,Assam,53.14,0.0,53.14,76.27906976744187,383231958.0,26.479679556471226,93.83673195130093,Polygon
Hailakandi,Assam,39.81,0.0,39.81,88.11881188118812,211411597.0,24.496869294090317,92.58907203704966,Polygon
Jorhat,Assam,42.35,0.0,42.35,62.857142857142854,243886640.0,26.795635897768804,94.27419965566563,Polygon
Kamrup,Assam,43.71,0.0,43.71,85.21739130434783,636982272.0,26.136019881466098,91.53552984653047,Polygon
Karbi Anglong,Assam,33.17,0.0,33.17,91.42857142857144,435818414.0,26.069285697241142,93.14809099854413,Polygon
Karimganj,Assam,40.77,0.0,40.77,81.10236220472441,421395809.0,24.57910477464057,92.380852178888,Polygon
Kokrajhar,Assam,30.61,58.73,-28.12,83.6734693877551,352668128.0,26.583466402009737,90.19674881953183,Polygon
Lakhimpur,Assam,38.26,0.0,38.26,87.6923076923077,308576057.0,27.17462143124293,94.13516801614485,Polygon
Marigaon,Assam,35.7,0.0,35.7,91.6030534351145,280621059.0,26.2858573513458,92.28022526758399,Polygon
Nagaon,Assam,44.56,0.0,44.56,76.3586956521739,654784235.0,26.226247554885067,92.84157400728849,Polygon
Nalbari,Assam,47.29,0.0,47.29,100.0,181997950.0,26.530373810367664,91.43519090888657,Polygon
North Cachar Hills,Assam,30.07,0.0,30.07,72.91666666666666,79736487.0,25.380568622608372,93.03389443447082,Polygon
Sibsagar,Assam,45.75,0.0,45.75,92.9203539823009,220275523.5,27.012476583064622,94.81936994268125,Polygon
Sonitpur,Assam,35.34,0.0,35.34,82.5136612021858,399360936.0,26.782767465406973,92.92746295654722,Polygon
Tinsukia,Assam,33.0,68.05,-35.05,70.87155963302753,815052115.0,27.58479155696711,95.62554151995805,Polygon
Araria,Bihar,26.74,45.92,-19.18,94.9438202247191,931583216.0,26.201031333820662,87.34621999231246,Polygon
Aurangabad,Bihar,38.72,34.025,4.695,60.70872274143302,863732085.0,24.79391563696608,84.40457603162719,Polygon
Banka,Bihar,21.33,0.0,21.33,100.0,592016621.0,24.85217768493082,86.83424900162731,Polygon
Begusarai,Bihar,28.12,0.0,28.12,46.206896551724135,411126860.0,25.495752175359566,86.12356662540618,Polygon
Bhabua,Bihar,26.28,0.0,26.28,93.25842696629212,395942580.0,24.99329245036366,83.5985582146513,Polygon
Bhagalpur,Bihar,26.28,0.0,26.28,52.976190476190474,545245135.0,25.26936508196716,87.07727983879037,Polygon
Bhojpur,Bihar,32.24,0.0,32.24,65.91928251121077,884977600.0,25.470659889346148,84.53560526683282,Polygon
Buxar,Bihar,31.53,0.0,31.53,100.0,423522793.0,25.49329684058241,84.0935619391756,Polygon
Darbhanga,Bihar,34.25,62.99,-28.74,80.76923076923077,636689517.0,26.11487228527661,86.01732271402271,Polygon
Gaya,Bihar,40.57,0.0,40.57,33.83084577114428,425103637.0,24.69912132357315,84.92853762024644,Polygon
Gopalganj,Bihar,41.06,0.0,41.06,91.33858267716536,562789603.0,26.445186770271032,84.36817886439924,Polygon
Jamui,Bihar,31.9,45.92,-14.02,66.07142857142857,663189245.0,24.785831096791988,86.28845339251785,Polygon
Jehanabad,Bihar,30.15,0.0,30.15,100.0,282020116.0,25.15896861198711,84.88103079131614,Polygon
Katihar,Bihar,27.71,0.0,27.71,79.8076923076923,1011520982.0,25.54536276628129,87.63893728589689,Polygon
Khagaria,Bihar,18.67,0.0,18.67,92.36111111111111,695083684.0,25.512392367543022,86.59617370485954,Polygon
Kishanganj,Bihar,33.17,0.0,33.17,62.37623762376238,347604526.0,26.2955064902562,87.92915227990656,Polygon
Lakhisarai,Bihar,30.52,0.0,30.52,100.0,420935227.0,25.159826191232916,86.12818616007344,Polygon
Madhepura,Bihar,38.7,0.0,38.7,100.0,521449679.0,25.82652772592498,86.88924705073084,Polygon
Madhubani,Bihar,23.18,0.0,23.18,95.41984732824427,1249848182.0,26.406429418587457,86.21174350298134,Polygon
Munger,Bihar,40.67,60.73,-20.06,36.53846153846153,245720332.0,25.21134278836961,86.5269455882604,Polygon
Muzaffarpur,Bihar,27.07,0.0,27.07,72.27272727272728,924569659.0,26.152680661319984,85.32244152961896,Polygon
Nalanda,Bihar,34.77,0.0,34.77,65.58139534883722,725602701.0,25.221443743472296,85.44842238444994,Polygon
Nawada,Bihar,26.19,0.0,26.19,94.18604651162792,393056028.0,24.81119615527757,85.58712087901077,Polygon
Pashchim Champaran,Bihar,25.66,0.0,25.66,70.3883495145631,923054522.0,27.08010186118992,84.3365880901127,Polygon
Patna,Bihar,44.19,65.67,-21.48,28.29827915869981,1228959674.0,25.45738954499874,85.21426672238212,Polygon
Purba Champaran,Bihar,25.67,0.0,25.67,79.39698492462311,862916357.0,26.62112944660882,84.91638128020465,Polygon
Purnia,Bihar,30.55,0.0,30.55,55.92105263157895,457599193.0,25.816372430693654,87.40066804498176,Polygon
Rohtas,Bihar,33.24,0.0,33.24,53.40909090909091,729899793.0,24.981238780001984,84.01992001221878,Polygon
Saharsa,Bihar,27.59,0.0,27.59,88.29787234042553,490237023.0,25.81707832293016,86.58255607444637,Polygon
Samastipur,Bihar,25.55,45.92,-20.37,86.16600790513834,1187851912.0,25.77785558177441,85.89606917646222,Polygon
Saran,Bihar,27.9,68.05,-40.15,85.3896103896104,1458720332.0,25.90641001639883,84.81691559888937,Polygon
Sheikhpura,Bihar,26.67,0.0,26.67,67.5,280043464.0,25.131602339307175,85.81459017609458,Polygon
Sheohar,Bihar,18.93,0.0,18.93,100.0,259081353.0,26.48489644489127,85.32267441728197,Polygon
Sitamarhi,Bihar,26.89,0.0,26.89,74.28571428571429,806546187.0,26.596859793090577,85.55703368521637,Polygon
Siwan,Bihar,26.04,0.0,26.04,88.51351351351352,631365403.0,26.162977183905593,84.38080838369605,Polygon
Supaul,Bihar,37.15,0.0,37.15,100.0,639667097.0,26.246970705973414,86.79192639673941,Polygon
Vaishali,Bihar,29.8,0.0,29.8,70.94972067039106,817827495.0,25.76322819687811,85.36198303201755,Polygon
Chandigarh,Chandigarh,56.43,63.47,-7.04,0.0,372236743.0,30.733852210305677,76.76827547267109,Polygon
Bastar,Chhattisgarh,51.58,0.0,51.58,76.72955974842768,313109308.0,19.437682577480512,81.57239073798254,Polygon
Bilaspur,Chhattisgarh,43.019999999999996,34.025,8.995,81.47632311977716,414331589.0,22.350960517974315,81.95460924469847,Polygon
Dantewada,Chhattisgarh,19.53,0.0,19.53,100.0,185710385.0,18.655873310703523,81.05135954590997,Polygon
Dhamtari,Chhattisgarh,41.38,0.0,41.38,100.0,128541318.0,20.55365906741019,81.80318908267397,Polygon
Durg,Chhattisgarh,50.67,52.95,-2.28,39.04494382022472,640571189.0,21.19144807059665,81.34710582289779,Polygon
Janjgir-Champa,Chhattisgarh,33.28,0.0,33.28,93.78238341968913,526410478.0,21.92461505280475,82.7305777659963,Polygon
Jashpur,Chhattisgarh,41.86,0.0,41.86,88.88888888888889,586064636.0,22.799321457347595,83.85867122665725,Polygon
Kanker,Chhattisgarh,33.24,0.0,33.24,100.0,412906863.0,20.13454268496444,81.1214045877298,Polygon
Kawardha,Chhattisgarh,24.61,0.0,24.61,84.16666666666667,230724339.0,22.09158899021014,81.2162320586368,Polygon
Korba,Chhattisgarh,37.06,62.49,-25.43,54.826254826254825,470607280.0,22.532892807991804,82.60337987763714,Polygon
Koriya,Chhattisgarh,26.04,0.0,26.04,57.27272727272727,217188752.0,23.46992913926072,82.22851042189495,Polygon
Mahasamund,Chhattisgarh,25.44,45.92,-20.48,81.70212765957446,596479683.0,21.203419484482392,82.60382922230497,Polygon
Raigarh,Chhattisgarh,40.415000000000006,62.599999999999994,-22.185,64.6659044715447,750364974.5,22.084348169056877,83.29903899309795,Polygon
Raipur,Chhattisgarh,52.27,0.0,52.27,19.301848049281315,712023837.0,21.07203102803568,82.1667514053325,Polygon
Raj Nandgaon,Chhattisgarh,38.44,0.0,38.44,97.46835443037976,754432152.0,21.04024966633606,80.81257890189531,Polygon
Surguja,Chhattisgarh,50.23,0.0,50.23,79.66101694915254,465860806.0,23.359056519997466,83.21176143446297,Polygon
Dadra And Nagar Haveli,Dadra and Nagar Haveli,37.78,0.0,37.78,74.08376963350786,180033095.0,20.194793137073283,73.08089146848309,Polygon
Daman,Daman and Diu,47.41,63.49,-16.08,18.22222222222222,102055072.0,20.41410216491619,72.84214373433,Polygon
Junagadh,Daman and Diu,26.58,0.0,26.58,78.10650887573965,654887973.0,20.834617641308828,70.79410014332011,Polygon
Delhi,Delhi,59.75,0.0,59.75,0.0,30255853.0,28.6466852446471,77.10896714468626,Polygon
North Goa,Goa,51.89,68.05,-16.16,39.436619718309856,260227433.0,15.551040017246128,73.98403644609124,Polygon
South Goa,Goa,46.87,68.05,-21.18,45.75645756457565,161151191.0,15.195535295458651,74.12037653961733,Polygon
Ahmadabad,Gujarat,55.74,67.38,-11.64,10.955056179775282,2119136017.0,22.728829193459593,72.20347342112403,Polygon
Amreli,Gujarat,32.87,62.99,-30.12,66.94915254237289,384909543.0,21.421850892590598,71.26359208028437,Polygon
Anand,Gujarat,30.26,0.0,30.26,90.15151515151516,638326534.0,22.4503991899566,72.79109709144323,Polygon
Banas Kantha,Gujarat,40.9,0.0,40.9,83.76237623762376,1691415230.0,24.281453215874702,72.0393556137041,Polygon
Bharuch,Gujarat,41.75,0.0,41.75,76.63043478260869,645233447.0,21.787702549766916,72.92273904682196,Polygon
Bhavnagar,Gujarat,40.54,58.73,-18.19,60.797342192691026,685639585.0,21.68485383214757,71.86287348315669,Polygon
Dahod,Gujarat,26.31,0.0,26.31,85.91549295774648,273703602.0,22.91079053226367,74.01985654592453,Polygon
Gandhinagar,Gujarat,37.29,45.92,-8.63,74.43181818181817,699493423.0,23.20809083290916,72.69957624137443,Polygon
Jamnagar,Gujarat,49.55,58.73,-9.18,32.631578947368425,214189413.0,22.251393066259748,69.92525654404729,Polygon
Junagadh,Gujarat,26.58,0.0,26.58,78.10650887573965,654887973.0,21.214013424180717,70.56782041647615,Polygon
Kachchh,Gujarat,33.33,0.0,33.33,60.08230452674898,625358522.0,23.627252242272178,69.96752634254196,Polygon
Kheda,Gujarat,27.46,0.0,27.46,64.36363636363637,981383357.0,22.87673196885691,73.02368648972644,Polygon
Mahesana,Gujarat,41.45,66.48,-25.03,61.98347107438017,990690134.0,23.580114779935368,72.49656238110889,Polygon
Narmada,Gujarat,17.46,0.0,17.46,100.0,110982523.0,21.711746549996487,73.65745792517819,Polygon
Navsari,Gujarat,34.4,0.0,34.4,56.96969696969697,607427201.0,20.812647482469014,73.1032646595441,Polygon
Panch Mahals,Gujarat,39.45,0.0,39.45,84.43396226415094,632294279.0,22.853746067634223,73.60858820565454,Polygon
Patan,Gujarat,43.66,0.0,43.66,72.91666666666666,307221293.0,23.768136679957472,71.80025024721459,Polygon
Porbandar,Gujarat,22.55,0.0,22.55,77.04918032786885,124106736.0,21.63803048063087,69.80202065182914,Polygon
Rajkot,Gujarat,46.79,68.05,-21.26,25.650557620817843,729807309.0,22.256817370947633,70.79229486095078,Polygon
Sabar Kantha,Gujarat,35.67,0.0,35.67,76.47058823529412,638565865.0,23.659279049449406,73.16648075578699,Polygon
Surat,Gujarat,44.86,68.05,-23.19,26.948480845442536,2451444111.0,21.23452158998829,73.30925528569954,Polygon
Surendranagar,Gujarat,31.39,68.05,-36.66,65.19823788546255,597653996.0,22.795692159964045,71.55252970935256,Polygon
The Dangs,Gujarat,70.56,0.0,70.56,0.0,119550256.0,20.798737510654185,73.70614552496058,Polygon
Vadodara,Gujarat,49.93,68.05,-18.12,33.910034602076124,911560771.0,22.226823857140733,73.54120347633243,Polygon
Valsad,Gujarat,40.62,0.0,40.62,45.76271186440678,753906806.0,20.418480616574243,73.11854358791832,Polygon
Ambala,Haryana,37.01,58.73,-21.72,59.2814371257485,317783771.0,30.358717245315663,76.96616461502119,Polygon
Bhiwani,Haryana,47.31,0.0,47.31,56.14035087719298,334773062.0,28.724456043625434,75.95752535331177,Polygon
Faridabad,Haryana,48.63,68.05,-19.42,10.064935064935066,577453664.0,28.16443974906408,77.3231441998534,Polygon
Fatehabad,Haryana,51.64,0.0,51.64,88.59649122807018,211637340.0,29.579534402844565,75.5691973390897,Polygon
Gurgaon,Haryana,59.56,68.05,-8.49,7.308970099667775,607422387.0,28.16931828365283,76.98334910558536,Polygon
Hisar,Haryana,48.24,0.0,48.24,55.13196480938416,641406033.0,29.220685177576957,75.8047676183056,Polygon
Jhajjar,Haryana,35.22,68.05,-32.83,50.505050505050505,181309041.0,28.59258073419536,76.61664073834272,Polygon
Jind,Haryana,40.16,0.0,40.16,64.26666666666667,746381471.0,29.442854961175783,76.29377183039959,Polygon
Kaithal,Haryana,33.4,58.73,-25.33,58.12500000000001,294452728.0,29.81637309247953,76.40778633734988,Polygon
Karnal,Haryana,42.63,67.76,-25.13,76.5432098765432,531159748.0,29.69722425504165,76.88101314744108,Polygon
Kurukshetra,Haryana,52.12,68.05,-15.93,69.66292134831461,203577107.0,30.04998063346234,76.82977085494653,Polygon
Mahendragarh,Haryana,27.12,0.0,27.12,86.66666666666667,152872539.0,28.17866787978164,76.13635893944361,Polygon
Panchkula,Haryana,60.29,67.79,-7.5,39.705882352941174,141855502.0,30.710215470304547,76.95850309706445,Polygon
Panipat,Haryana,45.9,68.05,-22.15,57.08502024291497,502533751.0,29.337501566459355,76.91543806749132,Polygon
Rewari,Haryana,47.31,0.0,47.31,78.65168539325843,182884508.0,28.21057417029062,76.555263517517,Polygon
Rohtak,Haryana,46.22,0.0,46.22,28.440366972477065,229842631.0,28.91426534539793,76.51104234804042,Polygon
Sirsa,Haryana,27.03,0.0,27.03,75.25252525252525,369295534.0,29.616793870445587,74.89191016962266,Polygon
Sonepat,Haryana,37.78,0.0,37.78,66.88963210702342,804966140.0,29.065647017391335,76.86401975681827,Polygon
Yamuna Nagar,Haryana,42.2,62.99,-20.79,60.30927835051546,382366342.0,30.257679169423454,77.33030171463523,Polygon
Bilaspur,Himachal Pradesh,43.019999999999996,34.025,8.995,81.47632311977716,414331589.0,31.375462564369627,76.65758982215256,Polygon
Chamba,Himachal Pradesh,44.16,0.0,44.16,96.88385269121812,232922394.0,32.679458781630224,76.33764332018163,Polygon
Hamirpur,Himachal Pradesh,45.995000000000005,0.0,45.995000000000005,82.51643866676744,371293280.5,31.67071323730407,76.51099332672631,Polygon
Kangra,Himachal Pradesh,44.47,45.92,-1.45,91.06060606060606,537477952.0,32.110726814032574,76.30235163967784,Polygon
Kinnaur,Himachal Pradesh,46.45,0.0,46.45,100.0,20002647.0,31.602130584945723,78.39675445950515,Polygon
Kullu,Himachal Pradesh,29.72,0.0,29.72,88.671875,179998761.0,31.908818715301475,77.38420990717135,Polygon
Lahul And Spiti,Himachal Pradesh,31.81,0.0,31.81,100.0,15527025.0,32.484826850159976,77.59804230688923,Polygon
Mandi,Himachal Pradesh,48.12,0.0,48.12,93.07692307692308,396892005.0,31.64213854419362,76.97770922454143,Polygon
Shimla,Himachal Pradesh,48.08,58.61,-10.53,78.82352941176471,320630804.0,31.201917570486135,77.61798794462689,Polygon
Sirmaur,Himachal Pradesh,42.88,0.0,42.88,79.64601769911505,180339695.0,30.672395693052852,77.41736177805029,Polygon
Solan,Himachal Pradesh,36.68,0.0,36.68,63.1578947368421,356143672.0,31.046832191398696,76.89561596442483,Polygon
Una,Himachal Pradesh,43.53,0.0,43.53,100.0,120932136.0,31.58301769027581,76.1956106968457,Polygon
Anantnag,Jammu and Kashmir,42.33,58.73,-16.4,68.61826697892272,250027770.0,33.804974828545646,75.3323676688765,Polygon
Bagdam,Jammu and Kashmir,34.66,45.92,-11.26,80.60606060606061,244518939.0,33.94561243570828,74.78825483313868,Polygon
Baramula,Jammu and Kashmir,38.51,0.0,38.51,71.63461538461539,285297073.0,34.35748312142789,74.66854639753227,Polygon
Doda,Jammu and Kashmir,50.56,0.0,50.56,94.6153846153846,124756756.0,33.440151456992474,75.93412410149047,Polygon
Jammu,Jammu and Kashmir,49.1,49.4,-0.3,36.67100130039012,523534378.0,32.73591875942252,74.89535477881577,Polygon
Kargil,Jammu and Kashmir,43.22,0.0,43.22,89.375,36966432.0,33.8169860382073,76.61625654049197,Polygon
Kathua,Jammu and Kashmir,46.09,0.0,46.09,86.99186991869918,225024423.0,32.54852040555528,75.58974241796847,Polygon
Kupwara,Jammu and Kashmir,38.78,0.0,38.78,77.43362831858407,142953267.0,34.54161343024659,74.22233758712022,Polygon
Ladakh,Jammu and Kashmir,42.01,45.92,-3.91,30.697674418604652,26927624.0,33.9143665245652,77.95551525700405,Polygon
Pulwama,Jammu and Kashmir,49.38,0.0,49.38,70.83333333333334,128605548.0,33.840007871091316,75.02170178474896,Polygon
Punch,Jammu and Kashmir,35.68,58.73,-23.05,96.07843137254902,206904968.0,33.74610999919147,74.34320555026477,Polygon
Rajauri,Jammu and Kashmir,38.84,0.0,38.84,97.4025974025974,319515112.0,33.26153318043198,74.45646155457156,Polygon
Srinagar,Jammu and Kashmir,50.21,68.05,-17.84,2.13903743315508,200894952.0,34.2457219745557,75.10262906077932,Polygon
Udhampur,Jammu and Kashmir,44.83,0.0,44.83,57.84313725490197,89571716.0,33.06294400487215,75.18799849442753,Polygon
Bokaro,Jharkhand,42.66,68.05,-25.39,36.48648648648648,264303064.0,23.69183414259213,85.98745174266445,Polygon
Chatra,Jharkhand,32.99,0.0,32.99,100.0,188933301.0,24.173423975191632,84.88016640426845,Polygon
Deoghar,Jharkhand,36.39,0.0,36.39,78.65168539325843,416524325.0,24.327023311314218,86.7351733139263,Polygon
Dhanbad,Jharkhand,43.36,0.0,43.36,31.51862464183381,421805425.0,23.830406813677154,86.47078954458064,Polygon
Dumka,Jharkhand,27.8,0.0,27.8,93.96551724137932,627364453.0,24.318643381053583,87.26108796516894,Polygon
Garhwa,Jharkhand,42.480000000000004,34.025,8.454999999999998,83.97556390977444,347189207.5,24.104124133859024,83.689558071678,Polygon
Giridih,Jharkhand,32.89,45.92,-13.03,74.71264367816092,350040447.0,24.29738856767168,86.10384798008411,Polygon
Godda,Jharkhand,31.14,0.0,31.14,100.0,247681228.0,24.85914528567151,87.30634479262652,Polygon
Gumla,Jharkhand,36.4,0.0,36.4,90.98360655737704,345123688.0,23.10115081723087,84.52765043647098,Polygon
Hazaribag,Jharkhand,51.58,0.0,51.58,67.81115879828327,492680381.0,23.98046273917078,85.44984402291779,Polygon
Jamtara,Jharkhand,25.3,0.0,25.3,74.8502994011976,314473828.0,23.975353014466048,86.91160923788506,Polygon
Koderma,Jharkhand,41.01,0.0,41.01,62.0253164556962,186448482.0,24.518712421604427,85.70242517552914,Polygon
Latehar,Jharkhand,23.28,0.0,23.28,100.0,380362617.0,23.71746645755581,84.43625408890387,Polygon
Lohardaga,Jharkhand,22.35,0.0,22.35,100.0,88528316.0,23.474680346533535,84.66304197819638,Polygon
Pakur,Jharkhand,35.29,0.0,35.29,91.47286821705426,378805101.0,24.562139012848757,87.65832317031729,Polygon
Palamu,Jharkhand,27.56,0.0,27.56,92.63565891472868,720159847.0,24.20066525778356,84.15851982823158,Polygon
Pashchim Singhbhum,Jharkhand,39.27,0.0,39.27,59.34959349593496,226534627.0,22.416963641844852,85.51339229554492,Polygon
Purba Singhbhum,Jharkhand,43.93,68.05,-24.12,31.536388140161726,590123970.0,22.579558752602928,86.44709859158003,Polygon
Ranchi,Jharkhand,47.81,68.05,-20.24,52.242152466367706,959348476.0,23.211960809015228,85.33023722517896,Polygon
Sahibganj,Jharkhand,35.01,0.0,35.01,81.18279569892472,442023583.0,25.007305551441476,87.67431733021479,Polygon
Saraikela Kharsawan,Jharkhand,42.48,0.0,42.48,43.90243902439025,140339482.0,22.842386088588498,85.94565245727112,Polygon
Simdega,Jharkhand,26.02,0.0,26.02,100.0,228211498.0,22.57785224420788,84.55966112548332,Polygon
Bagalkot,Karnataka,26.84,66.54,-39.7,60.88888888888889,748121963.0,16.218348194330503,75.62633100913052,Polygon
Bangalore Rural,Karnataka,40.52,66.61,-26.09,50.617283950617285,292961784.0,12.88804175989416,77.4224458125627,Polygon
Bangalore Urban,Karnataka,45.086666666666666,42.63666666666666,2.449999999999998,27.450345011175617,1402770340.3333333,12.94240511743899,77.58681218440942,Polygon
Belgaum,Karnataka,31.59,62.43,-30.84,56.6003616636528,1938021330.0,16.11891200816029,74.82805074572823,Polygon
Bellary,Karnataka,38.92,0.0,38.92,32.91139240506329,335452115.0,15.10549008386178,76.53080118801395,Polygon
Bidar,Karnataka,45.67,0.0,45.67,53.142857142857146,476002894.0,17.9505611336318,77.22358394993424,Polygon
Bijapur,Karnataka,31.845,0.0,31.845,75.24644030668128,394467893.5,16.792218206292006,75.95330136823925,Polygon
Chamrajnagar,Karnataka,31.92,0.0,31.92,81.48148148148148,201938230.0,11.948827535036184,77.09048515327775,Polygon
Chikmagalur,Karnataka,44.8,68.05,-23.25,60.93023255813953,734346403.0,13.449674614485405,75.6896845919457,Polygon
Chitradurga,Karnataka,37.45,68.05,-30.6,66.44295302013423,454517907.0,14.162661191969098,76.51261561325224,Polygon
Dakshin Kannad,Karnataka,46.59,68.05,-21.46,43.80952380952381,749000759.0,12.833220175013203,75.26671158495037,Polygon
Davanagere,Karnataka,32.28,68.05,-35.77,62.88659793814433,594075096.0,14.352062876534054,75.93145812483353,Polygon
Dharwad,Karnataka,48.33,62.99,-14.66,52.5,809272401.0,15.386683122617391,75.15630264869652,Polygon
Gadag,Karnataka,33.35,0.0,33.35,63.74999999999999,439392900.0,15.428280669958253,75.66666108011252,Polygon
Gulbarga,Karnataka,22.76,68.05,-45.29,60.53811659192825,634732557.0,17.05289425611885,76.88148097030036,Polygon
Hassan,Karnataka,24.13,0.0,24.13,61.32075471698113,361064841.0,12.98988524840622,76.10494412518618,Polygon
Haveri,Karnataka,42.79,0.0,42.79,81.45161290322581,821578742.0,14.734722370954064,75.41844011803241,Polygon
Kodagu,Karnataka,29.87,68.05,-38.18,100.0,213466400.0,12.318979505634319,75.79910856749981,Polygon
Kolar,Karnataka,32.23,68.05,-35.82,48.64864864864865,363981203.0,13.356351353556429,78.01210634263805,Polygon
Koppal,Karnataka,28.69,0.0,28.69,73.86934673366834,678481386.0,15.558299229475722,76.22041099893111,Polygon
Mandya,Karnataka,39.95,65.14,-25.19,76.84563758389261,1075761533.0,12.603782454916214,76.79041953551312,Polygon
Mysore,Karnataka,41.51,68.05,-26.54,52.85714285714286,932562789.0,12.202395697275048,76.4360489485898,Polygon
Raichur,Karnataka,32.04,0.0,32.04,81.81818181818183,215153940.0,16.085875572487367,76.89020317440931,Polygon
Shimoga,Karnataka,38.98,0.0,38.98,71.51515151515152,645474906.0,14.052683856788564,75.17604256676289,Polygon
Tumkur,Karnataka,34.24,68.05,-33.81,52.916666666666664,804443563.0,13.514328246393246,76.94160065792452,Polygon
Udupi,Karnataka,45.26,45.92,-0.66,48.91304347826087,344010724.0,13.465152935293172,74.8826880211257,Polygon
Uttar Kannand,Karnataka,40.31,0.0,40.31,73.87387387387388,415927411.0,14.788420200899315,74.62390102249022,Polygon
Alappuzha,Kerala,48.99,63.03,-14.04,25.272331154684096,824933032.0,9.413632693282972,76.44592740502898,Polygon
Ernakulam,Kerala,55.33,65.14,-9.81,31.469979296066253,951814566.0,10.055378143339626,76.47423192962701,Polygon
Idukki,Kerala,38.46,58.73,-20.27,93.10344827586206,449471588.0,9.874062313023833,77.01320534903836,Polygon
Kannur,Kerala,50.47,68.05,-17.58,34.74576271186441,538562107.0,11.992469094541285,75.53605369880412,Polygon
Kasaragod,Kerala,45.21,45.92,-0.71,69.29460580912863,381716257.0,12.459486155393446,75.15243718650981,Polygon
Kollam,Kerala,49.26,67.88,-18.62,58.04597701149425,949285780.0,8.954149124264827,76.86769936602902,Polygon
Kottayam,Kerala,44.14,0.0,44.14,47.2636815920398,371659891.0,9.628372731004978,76.64867952114479,Polygon
Kozhikode,Kerala,54.22,66.94,-12.72,19.633943427620633,905241044.0,11.480898084597777,75.83146752496275,Polygon
Malappuram,Kerala,49.15,60.55,-11.4,52.96108291032149,916986668.0,11.129424045755076,76.15163141130762,Polygon
Palakkad,Kerala,43.1,65.13,-22.03,75.53191489361703,828197974.0,10.787428272935188,76.54827434833115,Polygon
Pattanamtitta,Kerala,43.83,0.0,43.83,89.86486486486487,276557437.0,9.276143546544159,76.91341067988027,Polygon
Thiruvananthapuram,Kerala,49.38,66.31,-16.93,34.71615720524017,893182220.0,8.606313091520985,77.0046698896565,Polygon
Thrissur,Kerala,51.16,67.6,-16.44,30.034129692832767,940562401.0,10.465717781045534,76.31183937849592,Polygon
Wayanad,Kerala,49.45,0.0,49.45,90.7563025210084,218134426.0,11.704959937355792,76.09160935638775,Polygon
Kavaratti,Lakshadweep,44.15,45.92,-1.77,32.93172690763052,13747955.0,10.456226268249761,72.93927950397504,Polygon
Anuppur,Madhya Pradesh,37.83,62.99,-25.16,63.63636363636363,356165371.0,23.14858806789238,81.87211063851214,Polygon
Ashoknagar,Madhya Pradesh,28.76,0.0,28.76,72.09302325581395,355779499.0,24.614482430333517,77.86941063455608,Polygon
Balaghat,Madhya Pradesh,25.14,0.0,25.14,78.57142857142857,310253327.0,21.88186461361257,80.35407623872405,Polygon
Barwani,Madhya Pradesh,28.13,0.0,28.13,76.81159420289855,561110591.0,21.79001754186255,75.02316345404233,Polygon
Betul,Madhya Pradesh,30.9,0.0,30.9,85.42713567839196,576662117.0,21.88040786311364,77.86706533541648,Polygon
Bhind,Madhya Pradesh,20.15,0.0,20.15,56.86274509803921,304133932.0,26.426950141449858,78.71476585556057,Polygon
Bhopal,Madhya Pradesh,45.83,58.73,-12.9,15.84158415841584,750819370.0,23.482512047776375,77.39176665225342,Polygon
Burhanpur,Madhya Pradesh,30.28,0.0,30.28,54.285714285714285,139409005.0,21.374538348450002,76.3691019260287,Polygon
Chhatarpur,Madhya Pradesh,32.39,0.0,32.39,66.2962962962963,757786235.0,24.803347547708253,79.65811848056,Polygon
Chhindwara,Madhya Pradesh,35.98,68.05,-32.07,77.30496453900709,499391644.0,22.124547629007132,78.8501309801529,Polygon
Damoh,Madhya Pradesh,33.75,0.0,33.75,75.10729613733905,732126093.0,23.817414524223036,79.52058358431455,Polygon
Datia,Madhya Pradesh,17.22,0.0,17.22,100.0,155039050.0,25.845694769181414,78.60686215155658,Polygon
Dewas,Madhya Pradesh,27.29,45.92,-18.63,80.0,505010662.0,22.749099539283957,76.4540592108014,Polygon
Dhar,Madhya Pradesh,34.05,68.05,-34.0,69.84126984126983,883428186.0,22.500950144509044,75.10539107144125,Polygon
Dindori,Madhya Pradesh,42.31,0.0,42.31,60.43956043956044,278175226.0,22.8358817705089,81.04532713169036,Polygon
East Nimar,Madhya Pradesh,34.15,0.0,34.15,95.77464788732394,200631274.0,21.939261255308544,76.56997164253235,Polygon
Guna,Madhya Pradesh,37.12,0.0,37.12,45.6,327042871.0,24.560363829598096,77.19592699934269,Polygon
Gwalior,Madhya Pradesh,47.28,0.0,47.28,42.487046632124354,596988295.0,26.04533564070775,78.13885568026376,Polygon
Harda,Madhya Pradesh,50.39,0.0,50.39,48.38709677419355,185425387.0,22.237414622333223,77.11800901337523,Polygon
Hoshangabad,Madhya Pradesh,25.65,0.0,25.65,49.333333333333336,214253312.0,22.591611226924424,77.98464094874527,Polygon
Indore,Madhya Pradesh,44.4,67.84,-23.44,12.947658402203857,741458956.0,22.716633430733626,75.78138525626375,Polygon
Jabalpur,Madhya Pradesh,41.41,68.05,-26.64,32.40506329113924,875579548.0,23.174462957012857,79.94505337759925,Polygon
Jhabua,Madhya Pradesh,34.87,0.0,34.87,77.20588235294117,442438877.0,22.610527814691313,74.52370307984678,Polygon
Katni,Madhya Pradesh,35.91,0.0,35.91,100.0,536007353.0,23.704095091097614,80.3349068125297,Polygon
Mandla,Madhya Pradesh,40.73,0.0,40.73,85.20179372197309,752193531.0,22.66656744071632,80.44721148004857,Polygon
Mandsaur,Madhya Pradesh,32.5,0.0,32.5,22.22222222222222,205677249.0,24.215609811745242,75.40435479231259,Polygon
Morena,Madhya Pradesh,25.07,0.0,25.07,81.5068493150685,470532462.0,26.419834860501403,77.86142158219562,Polygon
Narsinghpur,Madhya Pradesh,26.97,0.0,26.97,74.18032786885246,791963282.0,22.93762734252471,79.08133909129339,Polygon
Neemuch,Madhya Pradesh,15.32,0.0,15.32,78.46153846153847,201897055.0,24.60960275839633,75.14317718757785,Polygon
Panna,Madhya Pradesh,23.05,0.0,23.05,100.0,203180361.0,24.42608327556788,80.18560110273796,Polygon
Raisen,Madhya Pradesh,26.01,0.0,26.01,44.44444444444444,143627536.0,23.221102810833745,78.11350255264088,Polygon
Rajgarh,Madhya Pradesh,31.42,34.025,-2.6049999999999986,39.34513564461929,294856177.0,23.86580737796477,76.73097897296813,Polygon
Ratlam,Madhya Pradesh,38.62,0.0,38.62,62.68656716417911,609190344.0,23.504686360489902,75.09036974004668,Polygon
Rewa,Madhya Pradesh,43.87,0.0,43.87,71.92118226600985,562898567.0,24.758566602289022,81.58148219674588,Polygon
Sagar,Madhya Pradesh,26.52,0.0,26.52,67.82608695652173,1018180436.0,23.853048691722858,78.75243243861968,Polygon
Satna,Madhya Pradesh,35.47,0.0,35.47,76.10619469026548,744331770.0,24.53700145887483,80.82538354729468,Polygon
Sehore,Madhya Pradesh,45.16,0.0,45.16,32.06106870229007,245376215.0,22.995392831694666,77.12500060463536,Polygon
Seoni,Madhya Pradesh,36.03,0.0,36.03,72.97297297297297,358434102.0,22.318445802190706,79.68410366429801,Polygon
Shahdol,Madhya Pradesh,36.48,0.0,36.48,75.53191489361703,377918996.0,23.46493883032856,81.43282012863625,Polygon
Shajapur,Madhya Pradesh,26.89,0.0,26.89,77.19298245614034,372112649.0,23.584371846063803,76.34264422089399,Polygon
Sheopur,Madhya Pradesh,35.59,0.0,35.59,30.555555555555557,208562329.0,25.75872177940318,77.00508199917019,Polygon
Shivpuri,Madhya Pradesh,32.16,0.0,32.16,83.84615384615385,368580224.0,25.36865959540414,77.80605755982137,Polygon
Sidhi,Madhya Pradesh,49.62,0.0,49.62,52.112676056338024,187046429.0,24.22059390410258,82.1480433110755,Polygon
Tikamgarh,Madhya Pradesh,38.62,0.0,38.62,57.99999999999999,277298527.0,24.993766520174816,78.93939159967861,Polygon
Ujjain,Madhya Pradesh,27.31,68.05,-40.74,56.34674922600619,702972987.0,23.33558302302702,75.66739982843383,Polygon
Umaria,Madhya Pradesh,39.11,68.05,-28.94,0.0,16397396.0,23.60696569218596,80.91367857065565,Polygon
Vidisha,Madhya Pradesh,23.17,0.0,23.17,86.70886075949366,494287859.0,23.89755177425751,77.80810208316957,Polygon
West Nimar,Madhya Pradesh,41.85,68.05,-26.2,76.4423076923077,548011469.0,21.923979428244987,75.77455103324341,Polygon
Ahmednagar,Maharashtra,33.51,0.0,33.51,74.0174672489083,1328352774.0,19.234477284110277,74.64522288297914,Polygon
Akola,Maharashtra,42.86,0.0,42.86,53.383458646616546,326705338.0,20.750787958805688,77.0445596637746,Polygon
Amravati,Maharashtra,39.8,45.92,-6.12,57.180851063829785,822726082.0,21.190144803356276,77.56839609737858,Polygon
Aurangabad,Maharashtra,38.72,34.025,4.695,60.70872274143302,863732085.0,20.023525777703046,75.27604325068079,Polygon
Bhandara,Maharashtra,31.08,68.05,-36.97,93.57142857142856,481374923.0,21.160498803120674,79.86924643445481,Polygon
Bid,Maharashtra,27.28,0.0,27.28,86.24338624338624,1190328423.0,18.925468857262494,75.80198424007914,Polygon
Buldana,Maharashtra,43.16,0.0,43.16,71.84466019417476,1022490797.0,20.512069968787777,76.40442415071952,Polygon
Chandrapur,Maharashtra,39.81,62.99,-23.18,82.5503355704698,537137933.0,20.117696914534925,79.43789610184216,Polygon
Dhule,Maharashtra,42.29,68.05,-25.76,57.24137931034483,893116028.0,21.11202792975124,74.6051179667096,Polygon
Garhchiroli,Maharashtra,45.93,0.0,45.93,84.61538461538461,505066627.0,19.78494315168572,80.23431546197571,Polygon
Gondiya,Maharashtra,51.19,0.0,51.19,82.06896551724138,521717599.0,21.12159737623485,80.15475315449977,Polygon
Greater Bombay,Maharashtra,57.08,60.27,-3.19,0.0,4010445626.0,19.145488041550458,72.92317926486588,Polygon
Hingoli,Maharashtra,38.36,0.0,38.36,76.33136094674556,483402077.0,19.615768690295884,77.11651251901962,Polygon
Jalgaon,Maharashtra,40.81,68.05,-27.240000000000002,74.94950198509437,937760967.5,20.938122672501784,75.49156085923921,Polygon
Jalna,Maharashtra,27.57,0.0,27.57,78.6743515850144,1088468369.0,19.82064878589652,75.98250806037596,Polygon
Kolhapur,Maharashtra,43.5,68.05,-24.55,77.08674304418986,2116852454.0,16.467683497543348,74.16721724655734,Polygon
Latur,Maharashtra,42.66,62.99,-20.33,47.27891156462585,801500506.0,18.373875373812773,76.7596128879761,Polygon
Nagpur,Maharashtra,54.52,67.36,-12.84,22.879684418145956,1144463699.0,21.177609588311782,79.08193153001181,Polygon
Nanded,Maharashtra,34.49,65.87,-31.38,82.18085106382979,1199098007.0,19.116569124888457,77.62114001541048,Polygon
Nandurbar,Maharashtra,36.76,0.0,36.76,89.43661971830986,492283929.0,21.547813306826786,74.2200231563709,Polygon
Nashik,Maharashtra,38.22,67.6,-29.38,63.009845288326304,2413241291.0,20.260882622520015,74.07806097081591,Polygon
Osmanabad,Maharashtra,32.06,68.05,-35.99,70.33898305084746,343271860.0,18.188929186591555,76.038840431309,Polygon
Parbhani,Maharashtra,32.26,0.0,32.26,80.22284122562674,927924559.0,19.28638657232227,76.68145660778406,Polygon
Pune,Maharashtra,49.24,67.45,-18.21,36.41816623821765,4367958162.0,18.57162186158174,74.07618527532975,Polygon
Raigarh,Maharashtra,40.415000000000006,62.599999999999994,-22.185,64.6659044715447,750364974.5,18.51096279255856,73.2300930526976,Polygon
Ratnagiri,Maharashtra,32.17,0.0,32.17,97.1830985915493,364414373.0,17.274069435944725,73.46033586495508,Polygon
Sangli,Maharashtra,32.07,0.0,32.07,83.57664233576642,870397204.0,17.110945011680645,74.77483107022135,Polygon
Satara,Maharashtra,36.82,68.05,-31.23,76.04790419161677,1145442004.0,17.668262806899275,74.18110924454675,Polygon
Sindhudurg,Maharashtra,50.26,0.0,50.26,80.0,201169740.0,16.132727067920438,73.74284163478252,Polygon
Solapur,Maharashtra,44.3,67.3,-23.0,62.152133580705005,1542822038.0,17.78968538512077,75.48503215748752,Polygon
Thane,Maharashtra,53.66,60.66,-7.0,6.592386258124419,2348743985.0,19.619185146830343,73.16538559630625,Polygon
Wardha,Maharashtra,39.6,0.0,39.6,65.11627906976744,633154485.0,20.79692301321952,78.58243661553867,Polygon
Washim,Maharashtra,47.59,0.0,47.59,66.95652173913044,257380809.0,20.238798809650312,77.21671214864729,Polygon
Yavatmal,Maharashtra,28.08,0.0,28.08,83.19783197831978,961740029.0,20.08464217465495,78.1581349279011,Polygon
Bishnupur,Manipur,36.13,45.92,-9.79,40.10989010989011,69707088.0,24.5402358779736,93.80276840493012,Polygon
Chandel,Manipur,47.6,0.0,47.6,79.16666666666666,39270625.0,24.241635657335124,94.09561628595269,Polygon
Churachandpur,Manipur,53.45,0.0,53.45,88.54166666666666,88368166.0,24.304086144610427,93.42095797469257,Polygon
East Imphal,Manipur,40.69,62.05,-21.36,48.939641109298535,131956854.0,24.806415667864794,93.77636215835905,Polygon
Senapati,Manipur,37.17,0.0,37.17,96.73202614379085,128856379.0,25.202425506815512,94.04145525050033,Polygon
Tamenglong,Manipur,22.99,0.0,22.99,71.65775401069519,42718753.0,24.952029499162784,93.52830826069211,Polygon
Thoubal,Manipur,37.07,68.05,-30.98,39.68058968058968,165059947.0,24.53629666557594,93.97352758207845,Polygon
Ukhrul,Manipur,36.86,0.0,36.86,51.2,32638680.0,25.026934194625657,94.43571324337056,Polygon
West Imphal,Manipur,49.17,45.92,3.25,15.95940959409594,165264688.0,24.80787259333514,93.87763797845928,Polygon
East Garo Hills,Meghalaya,35.59,0.0,35.59,77.12765957446808,75171292.0,25.735695832008837,90.63087029959419,Polygon
East Khasi Hills,Meghalaya,50.24,61.37,-11.13,41.68734491315136,301015208.0,25.38577074423564,91.80107256728618,Polygon
Jaintia Hills,Meghalaya,52.62,0.0,52.62,78.63247863247864,195060998.0,25.371219678640283,92.38047828956584,Polygon
Ri-Bhoi,Meghalaya,41.94,0.0,41.94,62.737642585551335,93254547.0,25.875328787849046,91.88740664509773,Polygon
South Garo Hills,Meghalaya,27.58,0.0,27.58,100.0,42669558.0,25.302610739895805,90.59633276871509,Polygon
West Garo Hills,Meghalaya,32.17,0.0,32.17,81.35593220338984,195593858.0,25.581982203431764,90.14565777685524,Polygon
West Khasi Hills,Meghalaya,31.88,62.99,-31.11,72.5,57448159.0,25.527046421195422,91.25825073691504,Polygon
Aizawl,Mizoram,49.0,45.92,3.08,16.615698267074414,88357583.0,23.837244805461978,92.88818163657737,Polygon
Champhai,Mizoram,42.91,0.0,42.91,33.22784810126582,39989191.0,23.540977809283433,93.23732121707076,Polygon
Kolasib,Mizoram,44.46,0.0,44.46,23.0,23089730.0,24.2007313498085,92.72766753195185,Polygon
Lawngtlai,Mizoram,34.03,0.0,34.03,83.65758754863813,42524619.0,22.386130780432882,92.71580952226576,Polygon
Lunglei,Mizoram,46.72,0.0,46.72,38.98635477582846,60175692.0,22.97446651197393,92.72398476488063,Polygon
Mamit,Mizoram,44.04,0.0,44.04,54.263565891472865,19092297.0,23.75571762637227,92.46775978596587,Polygon
Saiha,Mizoram,43.27,0.0,43.27,53.383458646616546,17902322.0,22.379814642499145,93.01465887176002,Polygon
Serchhip,Mizoram,43.36,0.0,43.36,62.5,12589059.0,23.290227253765206,92.94702073248484,Polygon
Dimapur,Nagaland,49.93,0.0,49.93,11.347517730496454,37470105.0,25.777726712614427,93.78743549918664,Polygon
Kohima,Nagaland,54.82,0.0,54.82,47.33727810650888,99228622.0,25.6162005600893,93.83194030674936,Polygon
Mokokchung,Nagaland,52.24,0.0,52.24,61.88340807174888,77984662.0,26.477334217901564,94.53171374211738,Polygon
Mon,Nagaland,34.05,0.0,34.05,93.8388625592417,74046616.0,26.685037119370936,95.02186993008696,Polygon
Phek,Nagaland,52.49,0.0,52.49,44.95412844036697,66162242.0,25.652422296412514,94.53817866628651,Polygon
Tuensang,Nagaland,38.75,0.0,38.75,79.42583732057416,56169309.0,26.138271860060165,94.85709918467809,Polygon
Wokha,Nagaland,44.1,0.0,44.1,89.54248366013073,47223375.0,26.189862136232296,94.19266103433274,Polygon
Zunheboto,Nagaland,41.47,0.0,41.47,100.0,18871795.0,26.008524122984404,94.48661252521845,Polygon
Angul,Orissa,23.64,0.0,23.64,75.43859649122807,92030050.0,20.98163886123897,84.9026850558523,Polygon
Baleshwar,Orissa,46.02,68.05,-22.03,87.46736292428199,887677919.0,21.489295791587086,86.90463201939059,Polygon
Baragarh,Orissa,38.21,0.0,38.21,79.49790794979079,564951308.0,21.21716301512885,83.34661671710084,Polygon
Bhadrak,Orissa,38.69,68.05,-29.36,60.98484848484848,410899444.0,20.978739699868527,86.61666044172485,Polygon
Bolangir,Orissa,29.69,0.0,29.69,93.71069182389935,396731809.0,20.5863244094983,83.16666045379554,Polygon
Boudh,Orissa,45.64,0.0,45.64,74.6268656716418,283861675.0,20.641566278746684,84.17068469375084,Polygon
Cuttack,Orissa,43.95,68.05,-24.1,67.76556776556777,489473908.0,20.443762746850393,85.69850454533244,Polygon
Deogarh,Orissa,40.62,0.0,40.62,80.76923076923077,127640825.0,21.462519925538626,84.79732137714208,Polygon
Dhenkanal,Orissa,29.53,0.0,29.53,86.36363636363636,312094487.0,20.820403270951953,85.52027104992979,Polygon
Gajapati,Orissa,35.94,0.0,35.94,100.0,475022242.0,19.165607116882306,84.15329447547917,Polygon
Ganjam,Orissa,44.8,68.05,-23.25,64.10835214446952,806203979.0,19.622539859587928,84.65867597921907,Polygon
Jagatsinghpur,Orissa,40.88,0.0,40.88,82.17054263565892,237863762.0,20.216406456053495,86.3299577774241,Polygon
Jajpur,Orissa,42.81,0.0,42.81,71.6867469879518,310446234.0,20.849897669723862,86.14657003303806,Polygon
Jharsuguda,Orissa,37.9,68.05,-30.15,60.0,143921412.0,21.802957128428424,83.94787046139781,Polygon
Kalahandi,Orissa,29.02,0.0,29.02,84.45945945945947,734364663.0,19.862546490017536,83.10202293322584,Polygon
Kandhamal,Orissa,28.86,0.0,28.86,91.93548387096774,135135009.0,20.12328296763112,84.04024612681496,Polygon
Kendrapara,Orissa,35.84,0.0,35.84,100.0,329407409.0,20.547040185905967,86.60473680575247,Polygon
Keonjhar,Orissa,42.18,0.0,42.18,91.56626506024097,520137131.0,21.5330487693206,85.69893100788744,Polygon
Khordha,Orissa,54.48,66.61,-12.13,39.06633906633907,514130403.0,20.082847274050753,85.50546285456734,Polygon
Koraput,Orissa,33.15,0.0,33.15,81.22605363984674,606083390.0,18.811594633391394,82.70719326372497,Polygon
Malkangiri,Orissa,40.25,0.0,40.25,100.0,417996878.0,18.250891036438247,81.94820066385738,Polygon
Mayurbhanj,Orissa,45.48,0.0,45.48,84.94117647058823,951223173.0,21.891434252216055,86.40577733684601,Polygon
Nabarangpur,Orissa,28.27,0.0,28.27,93.56223175965664,525395505.0,19.583074352120764,82.3297487950406,Polygon
Nayagarh,Orissa,41.52,0.0,41.52,75.79617834394905,266663306.0,20.206449724763726,84.99279719345023,Polygon
Nuapada,Orissa,26.0,0.0,26.0,100.0,173199079.0,20.462224629496383,82.57082113525765,Polygon
Puri,Orissa,41.1,60.23,-19.13,76.41921397379913,373062308.0,19.86599626898955,85.69864741598822,Polygon
Rayagada,Orissa,34.63,68.05,-33.42,86.13138686131386,289856889.0,19.35541838411708,83.50628426542643,Polygon
Sambalpur,Orissa,39.66,0.0,39.66,58.285714285714285,340060714.0,21.448374700469557,84.27431478656,Polygon
Sonepur,Orissa,45.8,0.0,45.8,74.66666666666667,186575536.0,20.927161551804584,83.8178282875032,Polygon
Sundargarh,Orissa,43.28,58.73,-15.45,50.625,535029176.0,22.077100480437924,84.50375622594574,Polygon
Karaikal,Puducherry,45.49,68.05,-22.56,15.929203539823009,52571713.0,10.913502869876616,79.79652477540496,Polygon
Mahe,Puducherry,58.31,68.05,-9.74,0.0,7613393.0,12.074252290446013,75.28613611882378,Polygon
Puducherry,Puducherry,54.29,67.95,-13.66,31.001890359168243,269718627.0,11.90932796693496,79.74829664686523,Polygon
Yanam,Puducherry,43.22,0.0,43.22,0.0,20166367.0,16.717295838762844,82.24094961158727,Polygon
Amritsar,Punjab,45.69,0.0,45.69,40.30769230769231,499378347.0,31.53126563471463,74.86646341417736,Polygon
Bathinda,Punjab,34.77,0.0,34.77,51.204819277108435,457179222.0,30.184461127000144,75.03002718912262,Polygon
Faridkot,Punjab,30.43,0.0,30.43,64.93506493506493,92030040.0,30.611322293860795,74.76778729908264,Polygon
Fatehgarh Sahib,Punjab,40.21,0.0,40.21,67.3076923076923,169332054.0,30.635802406198334,76.34949352712387,Polygon
Firozpur,Punjab,44.16,68.05,-23.89,52.90697674418605,261753887.0,30.563606679722476,74.39542206425159,Polygon
Gurdaspur,Punjab,32.44,0.0,32.44,74.15254237288136,472853809.0,32.02338652628182,75.37339441765255,Polygon
Hoshiarpur,Punjab,34.94,63.28,-28.34,73.70689655172413,479802405.0,31.628204999347286,75.84426741167256,Polygon
Jalandhar,Punjab,45.31,63.24,-17.93,27.090909090909093,791632871.0,31.214234078960956,75.55375670626363,Polygon
Kapurthala,Punjab,55.41,68.05,-12.64,29.11392405063291,137247235.0,31.35508400700643,75.38981934112412,Polygon
Ludhiana,Punjab,33.87,67.44,-33.57,31.436699857752487,1120781088.0,30.810882471802074,75.82414091711664,Polygon
Mansa,Punjab,31.76,0.0,31.76,42.675159235668794,188443628.0,29.91102488536957,75.4284405587747,Polygon
Moga,Punjab,25.9,0.0,25.9,82.3943661971831,251823161.0,30.76740203354304,75.15801627981301,Polygon
Muktsar,Punjab,36.35,0.0,36.35,52.13675213675214,140770086.0,30.295170412166126,74.53061528665557,Polygon
Nawan Shehar,Punjab,50.72,67.8,-17.08,22.30769230769231,471935237.0,31.111594185545872,76.14285705908223,Polygon
Patiala,Punjab,46.8,0.0,46.8,26.53061224489796,334167307.0,30.309989896397592,76.39829156362134,Polygon
Rupnagar,Punjab,33.04,0.0,33.04,62.616822429906534,168907501.0,30.963340920677258,76.53847372844542,Polygon
Sangrur,Punjab,29.2,0.0,29.2,80.0,714605330.0,30.269906382820064,75.75091587424043,Polygon
Ajmer,Rajasthan,43.35,58.73,-15.38,42.7027027027027,867671747.0,26.229119478321888,74.76430209847892,Polygon
Alwar,Rajasthan,33.9,58.73,-24.83,75.91093117408907,1599518454.0,27.598004889629753,76.59799133620905,Polygon
Banswara,Rajasthan,37.81,0.0,37.81,100.0,707373468.0,23.50963270501048,74.39590406338979,Polygon
Baran,Rajasthan,28.79,0.0,28.79,58.82352941176471,323008783.0,25.00132222103281,76.75192863582592,Polygon
Barmer,Rajasthan,32.98,0.0,32.98,94.58483754512636,784897264.0,25.731995339791254,71.47917036009038,Polygon
Bharatpur,Rajasthan,41.32,0.0,41.32,69.26829268292683,691373323.0,27.252192556423097,77.27063493423518,Polygon
Bhilwara,Rajasthan,31.88,0.0,31.88,58.63874345549738,602616775.0,25.483669360722438,74.72676760186596,Polygon
Bikaner,Rajasthan,32.4,0.0,32.4,74.86910994764398,481191247.0,28.193541164584186,73.07703669780334,Polygon
Bundi,Rajasthan,32.03,0.0,32.03,42.608695652173914,329368720.0,25.474814223559015,75.77386929676793,Polygon
Chittaurgarh,Rajasthan,32.95,68.05,-35.1,75.79908675799086,692331323.0,24.61966631173499,74.77061164841317,Polygon
Churu,Rajasthan,38.14,0.0,38.14,57.37051792828686,657717414.0,28.294584148143574,74.56253201766542,Polygon
Dausa,Rajasthan,35.22,0.0,35.22,89.26829268292683,686331547.0,26.866576178116535,76.52016213009233,Polygon
Dhaulpur,Rajasthan,38.02,0.0,38.02,79.0,567844400.0,26.686710052367218,77.69584088661145,Polygon
Dungarpur,Rajasthan,49.67,0.0,49.67,83.09859154929578,550510071.0,23.73443377179412,73.85796404718819,Polygon
Ganganagar,Rajasthan,39.98,0.0,39.98,69.92481203007519,889000167.0,29.40953921684055,73.5989567323534,Polygon
Hanumangarh,Rajasthan,21.69,0.0,21.69,78.77358490566037,738715784.0,29.241219912844173,74.5965843404113,Polygon
Jaipur,Rajasthan,49.82,67.78,-17.96,36.206896551724135,2273935374.0,26.985114175901504,75.71870381391362,Polygon
Jaisalmer,Rajasthan,44.51,0.0,44.51,45.714285714285715,97761209.0,27.07308432283872,70.90080867729226,Polygon
Jalor,Rajasthan,28.3,0.0,28.3,80.59701492537313,665545614.0,25.096024788778063,72.2176554331385,Polygon
Jhalawar,Rajasthan,23.75,0.0,23.75,85.29411764705883,405992971.0,24.333773173654485,76.19400237735834,Polygon
Jhunjhunun,Rajasthan,35.22,0.0,35.22,86.88524590163934,423073319.0,28.09611805613237,75.54501498969586,Polygon
Jodhpur,Rajasthan,39.44,58.53,-19.09,58.72756933115824,1491345126.0,26.75143001126849,72.78701715677371,Polygon
Karauli,Rajasthan,24.49,0.0,24.49,58.730158730158735,161494534.0,26.522880679149296,76.9395612614556,Polygon
Kota,Rajasthan,42.0,68.05,-26.05,25.09505703422053,508025513.0,25.129909504757947,76.12573273142242,Polygon
Nagaur,Rajasthan,34.12,0.0,34.12,59.81087470449173,1022400260.0,27.067506311204966,74.18385765309745,Polygon
Pali,Rajasthan,41.7,68.05,-26.35,61.57407407407407,613590433.0,25.71053467272534,73.5217005362489,Polygon
Rajsamand,Rajasthan,34.71,0.0,34.71,100.0,370128987.0,25.198256144442944,73.87544812675712,Polygon
Sawai Madhopur,Rajasthan,27.16,0.0,27.16,82.64462809917356,359215360.0,26.193350170817446,76.44444318270303,Polygon
Sikar,Rajasthan,35.14,0.0,35.14,68.08510638297872,747074350.0,27.64072226141432,75.28109988954506,Polygon
Sirohi,Rajasthan,27.57,0.0,27.57,94.77611940298507,380000120.0,24.758990320743347,72.77911956033117,Polygon
Tonk,Rajasthan,39.45,0.0,39.45,80.58252427184466,615372422.0,26.15060155679295,75.66728372343083,Polygon
Udaipur,Rajasthan,46.19,0.0,46.19,75.9375,1155072031.0,24.39280731426688,73.75565260292558,Polygon
East,Sikkim,47.175,63.225,-16.049999999999997,0.0,307964940.5,27.293064473103744,88.67076926594726,Polygon
North Sikkim,Sikkim,50.66,0.0,50.66,100.0,58893770.0,27.74409596454507,88.52636714349865,Polygon
South Sikkim,Sikkim,50.66,0.0,50.66,100.0,58893770.0,27.287286140633125,88.38033466584311,Polygon
West Sikkim,Sikkim,50.66,0.0,50.66,100.0,58893770.0,27.347326646903785,88.17391424154577,Polygon
Ariyalur,Tamil Nadu,25.65,0.0,25.65,93.91891891891892,440277795.0,11.146804725626621,79.22821686701626,Polygon
Chennai,Tamil Nadu,56.91,67.41,-10.5,0.0,1366830696.0,13.048099173790458,80.23495341098578,Polygon
Coimbatore,Tamil Nadu,49.99,67.89,-17.9,24.29245283018868,1430272844.0,10.83724239427627,77.07195724468708,Polygon
Cuddalore,Tamil Nadu,38.83,0.0,38.83,77.8688524590164,982069077.0,11.525203047742869,79.44525195916745,Polygon
Dharmapuri,Tamil Nadu,44.21,64.1,-19.89,78.00687285223368,941459956.0,12.295953119209097,78.0973221826187,Polygon
Dindigul,Tamil Nadu,44.26,68.05,-23.79,62.75071633237822,686593078.0,10.379394384376724,77.80498890884462,Polygon
Erode,Tamil Nadu,36.24,65.22,-28.98,51.09717868338558,999287260.0,11.320011944725039,77.44681103525947,Polygon
Kancheepuram,Tamil Nadu,53.94,67.73,-13.79,38.03921568627451,739716040.0,12.681580235958368,79.93617729650816,Polygon
Kanniyakumari,Tamil Nadu,55.0,68.05,-13.05,0.0,430083474.0,8.306084076351944,77.3464983839939,Polygon
Karur,Tamil Nadu,28.0,0.0,28.0,77.64705882352942,240012605.0,10.831853883104294,78.1183489102117,Polygon
Madurai,Tamil Nadu,48.21,65.7,-17.49,42.5287356321839,968866153.0,9.9100724752891,77.98962779909998,Polygon
Nagapattinam,Tamil Nadu,46.03,0.0,46.03,0.0,73850349.0,10.864224202202491,79.73605812030397,Polygon
Namakkal,Tamil Nadu,42.29,68.05,-25.76,59.78260869565217,759999987.0,11.305388048537097,78.12249164313627,Polygon
Nilgiris,Tamil Nadu,33.97,68.05,-34.08,60.0,227022651.0,11.448449567214974,76.63279947517331,Polygon
Perambalur,Tamil Nadu,40.4,0.0,40.4,59.22330097087378,269227046.0,11.260541715047916,78.87775707877094,Polygon
Pudukkottai,Tamil Nadu,30.15,68.05,-37.9,93.10344827586206,793870097.0,10.342268222043224,78.86653706903373,Polygon
Ramanathapuram,Tamil Nadu,41.32,0.0,41.32,67.9245283018868,349127003.0,9.44309324043656,78.68039682447709,Polygon
Salem,Tamil Nadu,50.67,65.06,-14.39,44.06779661016949,1323468770.0,11.663200386528082,78.20910801488183,Polygon
Sivaganga,Tamil Nadu,36.88,58.73,-21.85,70.60931899641577,588637226.0,9.90718666854602,78.57597189005142,Polygon
Thanjavur,Tamil Nadu,49.18,67.8,-18.62,42.12034383954155,709354995.0,10.655554928832796,79.22359869594146,Polygon
Theni,Tamil Nadu,44.95,45.92,-0.97,29.55665024630542,389262711.0,9.88088369316092,77.42395899446467,Polygon
Thiruvallur,Tamil Nadu,50.9,66.65,-15.75,25.735294117647054,1125802965.0,13.23041776244256,79.92523754390233,Polygon
Thiruvarur,Tamil Nadu,42.59,58.73,-16.14,87.83068783068782,455660335.0,10.669483574419395,79.5346049047218,Polygon
Thoothukudi,Tamil Nadu,51.57,0.0,51.57,46.236559139784944,678942551.0,8.877709847531383,77.98823810591162,Polygon
Tiruchchirappalli,Tamil Nadu,45.82,68.05,-22.23,56.00000000000001,824715657.0,10.877016457839773,78.5549640043076,Polygon
Tirunelveli Kattabo,Tamil Nadu,50.07,45.92,4.15,53.398058252427184,466553137.0,8.790508098508303,77.523011772736,Polygon
Tiruvannamalai,Tamil Nadu,43.56,65.34,-21.78,77.19298245614034,857973749.0,12.418905384599912,79.1545872263219,Polygon
Vellore,Tamil Nadu,51.38,68.05,-16.67,86.28571428571429,456138470.0,12.80088417782573,78.99834283255936,Polygon
Villupuram,Tamil Nadu,43.68,67.11,-23.43,81.31868131868131,483810083.0,11.960576192154688,79.28461825121548,Polygon
Virudhunagar,Tamil Nadu,36.67,68.05,-31.38,51.737451737451735,492581581.0,9.480629776381672,77.89437361556017,Polygon
Dhalai,Tripura,40.71,0.0,40.71,97.36263736263736,253869842.0,23.8507451236158,91.92823403469743,Polygon
North Tripura,Tripura,42.99,45.92,-2.93,80.93994778067885,163475381.0,24.134016011981586,92.1535701396037,Polygon
South Tripura,Tripura,42.57,0.0,42.57,85.27131782945736,118840625.0,23.37131885563165,91.6118658015742,Polygon
West Tripura,Tripura,50.91,0.0,50.91,36.08391608391609,258108992.0,23.804775333677856,91.46513577031365,Polygon
Agra,Uttar Pradesh,39.0,0.0,39.0,48.0,1047761656.0,27.00771451240351,78.06275761472658,Polygon
Aligarh,Uttar Pradesh,34.68,45.92,-11.24,57.08955223880597,846420993.0,27.926390412905658,78.07716674818256,Polygon
Allahabad,Uttar Pradesh,47.7,0.0,47.7,51.10410094637224,1325574061.0,25.30052302256126,81.96477521051052,Polygon
Ambedkar Nagar,Uttar Pradesh,36.1,0.0,36.1,84.17721518987342,615689321.0,26.423842147676247,82.65978040724481,Polygon
Auraiya,Uttar Pradesh,39.47,0.0,39.47,63.1578947368421,454802773.0,26.650140830389443,79.4495756192741,Polygon
Azamgarh,Uttar Pradesh,19.89,0.0,19.89,92.7536231884058,1075010800.0,26.05569239770507,83.04123719066413,Polygon
Badaun,Uttar Pradesh,17.45,0.0,17.45,88.8235294117647,1192222235.0,28.1217956521704,78.93462598013721,Polygon
Baghpat,Uttar Pradesh,25.56,0.0,25.56,88.88888888888889,541964344.0,29.06024509720182,77.30254731036021,Polygon
Bahraich,Uttar Pradesh,24.84,0.0,24.84,82.83828382838284,1011442698.0,27.743145384432875,81.41226544208725,Polygon
Ballia,Uttar Pradesh,28.87,0.0,28.87,76.27118644067797,438693386.0,25.877661688489468,84.09674784620178,Polygon
Balrampur,Uttar Pradesh,26.42,0.0,26.42,92.23291437549096,418821652.5,27.48753109669055,82.36881736982556,Polygon
Banda,Uttar Pradesh,45.42,0.0,45.42,60.3448275862069,499022277.0,25.471699793653425,80.55262922982865,Polygon
Bara Banki,Uttar Pradesh,21.49,0.0,21.49,85.63829787234043,812516308.0,26.917249354602912,81.37149884789967,Polygon
Bareilly,Uttar Pradesh,37.82,0.0,37.82,31.25,471204233.0,28.456044918078213,79.41119021189337,Polygon
Basti,Uttar Pradesh,48.87,0.0,48.87,84.89583333333334,732945581.0,26.790056739773338,82.60638008410487,Polygon
Bijnor,Uttar Pradesh,29.86,58.73,-28.87,53.110047846889955,599025918.0,29.393281840857135,78.38676014058271,Polygon
Bulandshahr,Uttar Pradesh,38.75,63.85,-25.1,50.54945054945055,570965343.0,28.367029880918963,77.99911932497429,Polygon
Chandauli,Uttar Pradesh,40.75,0.0,40.75,73.13432835820896,206771623.0,25.14006998876549,83.25281876786538,Polygon
Chitrakoot,Uttar Pradesh,61.19,0.0,61.19,48.57142857142857,110682813.0,25.209177311723888,81.08127092534141,Polygon
Deoria,Uttar Pradesh,39.26,0.0,39.26,73.05699481865285,693370000.0,26.425751192748603,83.82731247512831,Polygon
Etah,Uttar Pradesh,36.31,0.0,36.31,85.53459119496856,674200828.0,27.63499653158181,78.76161939155324,Polygon
Etawah,Uttar Pradesh,29.53,0.0,29.53,79.88165680473372,627987680.0,26.789742806929784,79.08136915678521,Polygon
Faizabad,Uttar Pradesh,39.27,0.0,39.27,85.62874251497006,753301433.0,26.63483597572993,82.070517013243,Polygon
Farrukhabad,Uttar Pradesh,31.87,0.0,31.87,60.13513513513513,504900820.0,27.43654912104003,79.4514098382163,Polygon
Fatehpur,Uttar Pradesh,34.46,68.05,-33.59,84.375,620265928.0,25.878197365649882,80.79798559312594,Polygon
Firozabad,Uttar Pradesh,27.91,0.0,27.91,40.43715846994536,435390271.0,27.20624391201193,78.45665604295921,Polygon
Gautam Buddha Nagar,Uttar Pradesh,39.74,67.76,-28.02,28.11387900355872,951766755.0,28.396176559922946,77.53731747334587,Polygon
Ghaziabad,Uttar Pradesh,51.97,58.34,-6.37,6.4,1080194269.0,28.744673364895604,77.69615493233037,Polygon
Ghazipur,Uttar Pradesh,48.52,0.0,48.52,83.09859154929578,888132857.0,25.624919823807982,83.54762846277245,Polygon
Gonda,Uttar Pradesh,29.18,0.0,29.18,100.0,505805300.0,27.08801529043062,82.0124879799824,Polygon
Gorakhpur,Uttar Pradesh,42.77,0.0,42.77,81.76470588235294,659035971.0,26.62613184338195,83.35989511956404,Polygon
Hamirpur,Uttar Pradesh,45.995000000000005,0.0,45.995000000000005,82.51643866676744,371293280.5,25.7368165277652,79.87074237758031,Polygon
Hardoi,Uttar Pradesh,17.26,0.0,17.26,100.0,895366731.0,27.334979264781843,80.15229145024153,Polygon
Hathras,Uttar Pradesh,40.56,0.0,40.56,48.4472049689441,384288986.0,27.576330977712214,78.14412445801013,Polygon
Jalaun,Uttar Pradesh,32.44,0.0,32.44,86.76470588235294,658211783.0,26.096632270653124,79.37964501055785,Polygon
Jaunpur,Uttar Pradesh,36.84,0.0,36.84,81.22448979591836,878752665.0,25.749547407588768,82.56703007351604,Polygon
Jhansi,Uttar Pradesh,43.63,0.0,43.63,30.0,287596117.0,25.51106473406844,78.94653856901958,Polygon
Jyotiba Phule Nagar,Uttar Pradesh,18.82,0.0,18.82,62.295081967213115,459039969.0,28.843785655387812,78.3492059351563,Polygon
Kannauj,Uttar Pradesh,24.91,0.0,24.91,75.53191489361703,359760391.0,27.017844806095887,79.67842379302094,Polygon
Kanpur Dehat,Uttar Pradesh,31.5,0.0,31.5,80.8080808080808,391930375.0,26.428704909450442,79.95371999140363,Polygon
Kanpur,Uttar Pradesh,46.64,68.05,-21.41,21.91435768261965,1050984146.0,26.380407742782523,80.32098581967972,Polygon
Kaushambi,Uttar Pradesh,21.45,0.0,21.45,86.70886075949366,651228928.0,25.491693363036948,81.45891109925836,Polygon
Kushinagar,Uttar Pradesh,39.93,0.0,39.93,93.71428571428572,757088057.0,26.86500986210246,83.92516900087345,Polygon
Lakhimpur Kheri,Uttar Pradesh,18.78,0.0,18.78,93.44978165938863,940127258.0,28.128376654911865,80.65653660250989,Polygon
Lalitpur,Uttar Pradesh,21.9,0.0,21.9,100.0,237412695.0,24.658666235023322,78.5552182059608,Polygon
Lucknow,Uttar Pradesh,57.49,60.4,-2.91,25.067385444743937,1132211218.0,26.847012518366746,80.89691437802416,Polygon
Maharajganj,Uttar Pradesh,28.82,0.0,28.82,100.0,658644044.0,27.18841289657569,83.50083617932118,Polygon
Mahoba,Uttar Pradesh,32.07,0.0,32.07,79.62962962962963,228903175.0,25.352563300948457,79.69273906043908,Polygon
Mainpuri,Uttar Pradesh,22.91,0.0,22.91,72.51908396946564,468562377.0,27.18664817679633,79.04396609968929,Polygon
Mathura,Uttar Pradesh,38.04,68.05,-30.01,57.943925233644855,713234378.0,27.601072028387122,77.62070526353891,Polygon
Mau,Uttar Pradesh,32.5,0.0,32.5,40.909090909090914,601654839.0,26.03555842033063,83.50286797193809,Polygon
Meerut,Uttar Pradesh,40.58,68.05,-27.47,51.75718849840255,1070769829.0,29.041839674304278,77.78361309345087,Polygon
Mirzapur,Uttar Pradesh,29.61,68.05,-38.44,73.11827956989248,663359044.0,24.988116045404983,82.6109935313646,Polygon
Moradabad,Uttar Pradesh,39.41,58.73,-19.32,31.62393162393162,645407112.0,28.761485340938776,78.70214267466557,Polygon
Muzaffarnagar,Uttar Pradesh,33.54,0.0,33.54,61.07382550335571,995826463.0,29.444612981148136,77.58072958044512,Polygon
Pilibhit,Uttar Pradesh,24.76,0.0,24.76,68.42105263157895,387288323.0,28.548172765737817,79.95037882593232,Polygon
Pratapgarh,Uttar Pradesh,33.53,0.0,33.53,90.67584480600752,611401222.0,25.87660499307717,81.82255709625521,Polygon
Rae Bareli,Uttar Pradesh,33.58,0.0,33.58,75.60975609756098,521289264.0,26.233746032688884,81.22217812485559,Polygon
Rampur,Uttar Pradesh,20.79,0.0,20.79,91.66666666666666,560683252.0,28.80201243054644,79.09402753878267,Polygon
Saharanpur,Uttar Pradesh,34.7,68.05,-33.35,66.28242074927954,1070000021.0,29.95528801123185,77.53547539894336,Polygon
Sant Kabir Nagar,Uttar Pradesh,25.86,0.0,25.86,100.0,409393065.0,26.74822676737095,83.03010735825778,Polygon
Sant Ravi Das Nagar,Uttar Pradesh,34.43,0.0,34.43,85.91549295774648,279792000.0,25.351059934511905,82.4556521579898,Polygon
Shahjahanpur,Uttar Pradesh,34.38,0.0,34.38,59.01639344262295,608721904.0,27.9823496643187,79.83458376794992,Polygon
Shravasti,Uttar Pradesh,18.78,0.0,18.78,100.0,176772613.0,27.678777189731917,81.81580690474343,Polygon
Siddharth Nagar,Uttar Pradesh,39.67,0.0,39.67,79.28994082840237,539125798.0,27.23306765423814,82.86034209425361,Polygon
Sitapur,Uttar Pradesh,24.44,62.99,-38.55,72.31833910034602,963039339.0,27.523555953001388,80.84691228585251,Polygon
Sonbhadra,Uttar Pradesh,19.83,0.0,19.83,87.67123287671232,331315342.0,24.404356807443953,83.0455339762725,Polygon
Sultanpur,Uttar Pradesh,41.14,0.0,41.14,84.5771144278607,833338537.0,26.279204243097734,82.01065958163163,Polygon
Unnao,Uttar Pradesh,34.53,0.0,34.53,67.96536796536796,1066722713.0,26.61493666042341,80.54970211461016,Polygon
Varanasi,Uttar Pradesh,41.58,0.0,41.58,42.1875,590364722.0,25.390742511625785,82.90904119622134,Polygon
Almora,Uttaranchal,38.93,0.0,38.93,87.09677419354838,74055045.0,29.695397573536326,79.48881740129174,Polygon
Bageshwar,Uttaranchal,34.38,0.0,34.38,100.0,168365427.0,29.997342475913168,79.84608103128228,Polygon
Chamoli,Uttaranchal,37.83,0.0,37.83,71.62162162162163,75554772.0,30.499755819823474,79.558525241088,Polygon
Champawat,Uttaranchal,19.05,0.0,19.05,100.0,51802228.0,29.303228334649287,80.06172961376922,Polygon
Dehra Dun,Uttaranchal,48.94,67.93,-18.99,47.58497316636851,630342656.0,30.469589189174652,77.95953061868218,Polygon
Haridwar,Uttaranchal,40.43,65.98,-25.55,39.63210702341137,502720359.0,29.87757919033516,77.98864422099962,Polygon
Naini Tal,Uttaranchal,37.09,58.73,-21.64,41.90871369294606,225720135.0,29.317087269390232,79.45483872140414,Polygon
Pauri Garhwal,Uttaranchal,50.72,67.8,-17.08,22.30769230769231,471935237.0,29.899218214183115,78.75666190041996,Polygon
Pithoragarh,Uttaranchal,42.94,0.0,42.94,75.67567567567568,154317861.0,30.113353299613593,80.33372772966302,Polygon
Rudra Prayag,Uttaranchal,24.9,0.0,24.9,100.0,27110118.0,30.595026882176285,79.09850480473864,Polygon
Tehri Garhwal,Uttaranchal,41.89,0.0,41.89,66.87116564417178,183147180.0,30.44329325801923,78.56993899081377,Polygon
Udham Singh Nagar,Uttaranchal,36.38,58.73,-22.35,73.26968973747017,536876516.0,29.04332185871333,79.49870175778611,Polygon
Uttarkashi,Uttaranchal,32.22,0.0,32.22,87.20930232558139,110142780.0,30.978758860122472,78.58941503214723,Polygon
Bankura,West Bengal,48.4,0.0,48.4,77.35849056603774,1234261411.0,23.138760364710343,87.13002541844233,Polygon
Barddhaman,West Bengal,36.42,0.0,36.42,79.1907514450867,1915559831.0,23.42586200232903,87.7629093511937,Polygon
Birbhum,West Bengal,35.74,0.0,35.74,86.90807799442896,1343687921.0,23.952408894609132,87.66174326970044,Polygon
Dakshin Dinajpur,West Bengal,29.25,0.0,29.25,95.73170731707316,661035239.0,25.361685245933774,88.59249695185488,Polygon
Darjiling,West Bengal,47.06,45.92,1.14,39.94082840236686,737649746.0,26.914703589744644,88.39232593374528,Polygon
East Midnapore,West Bengal,26.29,68.05,-41.76,90.63829787234042,2033182518.0,22.02718264271239,87.77442875706451,Polygon
Haora,West Bengal,45.89,66.39,-20.5,12.177121771217712,1223085073.0,22.523849183659213,88.06457333167697,Polygon
Hugli,West Bengal,37.5,68.05,-30.55,45.57692307692307,1631468844.0,22.881759201464657,88.07596407425412,Polygon
Jalpaiguri,West Bengal,30.67,0.0,30.67,61.12759643916914,965962647.0,26.66285711268133,89.0806009684182,Polygon
Kochbihar,West Bengal,37.25,0.0,37.25,81.72043010752688,1254713304.0,26.29251117026142,89.34946374048802,Polygon
Kolkata,West Bengal,56.84,67.53,-10.69,0.0,1309803649.0,22.551741094616247,88.35234106515814,Polygon
Maldah,West Bengal,37.75,0.0,37.75,86.90476190476191,1206373467.0,25.13611738407494,88.08766341659793,Polygon
Murshidabad,West Bengal,38.77,0.0,38.77,68.0,2215694350.0,24.162063877471198,88.22700314607906,Polygon
Nadia,West Bengal,40.3,0.0,40.3,51.69660678642715,1593687035.0,23.477256215770094,88.51642499335503,Polygon
North 24 Parganas,West Bengal,52.54,67.93,-15.39,26.112026359143325,3503912089.0,22.4650962288627,88.77799316350666,Polygon
Puruliya,West Bengal,39.47,0.0,39.47,75.30864197530865,896073835.0,23.275502910526303,86.41267627217907,Polygon
South 24 Parganas,West Bengal,35.17,0.0,35.17,61.55844155844156,2589364368.0,22.115066644899496,88.41612990730796,Polygon
Uttar Dinajpur,West Bengal,29.66,0.0,29.66,87.98283261802575,910024972.0,25.875651135962944,88.15702137968928,Polygon
West Midnapore,West Bengal,37.760000000000005,0.0,37.760000000000005,83.83291200192608,838218038.0,22.411215733407207,87.26243069925124,Polygon
Lakshadweep,Unknown,44.15,45.92,-1.77,32.93172690763052,13747955.0,10.3337313,72.9205386,Point
