State,District,Latitude,Longitude,District code,Population,Male,Female,Households_with_Internet,Housholds_with_Electric_Lighting,Workers,Rural_Households,Urban_Households,Agricultural_Workers,LPG_or_PNG_Households,Age_Group_0_29,Age_Group_30_49,Age_Group_50,Household_size_1_to_2_persons,Household_size_3_to_5_persons_Households,Household_size_6_8_persons_Households,Total_Power_Parity,sex_ratio,literacy_rate
Andhra Pradesh,Adilabad,19.284513950073435,78.81321233480176,532,2741239,1369597,1371642,5512,566108,1323667,597466,220248,484912,194954,1536378,704551,422522,107798,417387,114585,4181,100.0,54.0
Andhra Pradesh,Anantapur,14.312065561843148,77.4601584478577,553,4081148,2064495,2016653,8606,897970,2036166,902997,341431,879537,223016,2189396,1104565,739612,143093,644263,153243,5799,98.0,57.0
Andhra Pradesh,Chittoor,13.33109263067696,78.92763898886037,554,4174064,2090204,2083860,13763,944555,1933357,907970,395900,748093,324406,2148179,1159053,807430,187320,678054,142837,5926,100.0,64.0
Andhra Pradesh,East Godavari,16.782718320784902,82.2432074720511,545,5154296,2569688,2584608,22411,1297273,2093681,1199479,406362,1122046,479914,2724328,1478954,948122,335006,952492,112434,7211,101.0,64.0
Andhra Pradesh,Guntur,15.884925767634847,80.58657614107885,548,4887813,2440521,2447292,19383,1186028,2381624,1069877,513113,1227956,648568,2583462,1371811,928462,295615,842985,139120,6981,100.0,61.0
Andhra Pradesh,Hyderabad,17.38971555555556,78.46668888888888,536,3943323,2018575,1924748,149034,869721,1413297,0,1066289,23029,581509,2249130,1068243,542669,110910,546260,181806,11071,95.0,73.0
Andhra Pradesh,Karimnagar,18.515483193277312,79.43765428571413,534,3776269,1880800,1895469,8831,926768,1876768,877236,288044,756859,344667,1940234,1031735,728494,201672,649211,120450,5251,101.0,58.0
Andhra Pradesh,Khammam,17.683921325051784,80.67008643892335,541,2797370,1390988,1406382,8628,668519,1410062,669262,201363,804537,219710,1530602,774583,477955,159883,512966,69643,3836,101.0,58.0
Andhra Pradesh,Krishna,16.143872753151673,81.14805061000413,547,4517398,2267375,2250023,30438,1163932,2048880,909292,567042,1006976,632890,2340943,1284630,833959,299154,824868,95350,6983,99.0,67.0
Andhra Pradesh,Kurnool,15.43759715142429,77.90086836581717,552,4053463,2039227,2014236,10081,816721,2029425,783853,306982,1037302,195001,2368684,1053618,609027,116088,547505,181675,5301,99.0,52.0
Andhra Pradesh,Mahbubnagar,16.639546224256293,77.98933089244859,538,4053028,2050386,2002642,6153,757821,2082501,848963,161052,931084,136843,2360874,1027525,637430,105279,541398,191259,4695,98.0,48.0
Andhra Pradesh,Medak,17.889304978038055,78.13778901903379,535,3033288,1523030,1510258,8635,604719,1442203,593653,195479,571129,163074,1735769,779738,509368,84875,419073,140018,3874,99.0,54.0
Andhra Pradesh,Nalgonda,17.113250515463907,79.16984453608244,539,3488809,1759772,1729037,7715,789225,1741693,833504,197433,863131,228818,1932349,897137,651748,165334,578886,119437,4468,98.0,57.0
Andhra Pradesh,Nizamabad,18.429485849056604,78.07523490566035,533,2551335,1250641,1300694,5261,545913,1261076,565165,155133,448281,186740,1399773,676401,437573,90591,379595,107972,3458,104.0,54.0
Andhra Pradesh,Prakasam,15.489039001601704,80.11665790176184,549,3397448,1714764,1682684,6151,763746,1700567,873486,214089,889218,290947,1832695,917391,641707,181210,548015,115932,4304,98.0,56.0
Andhra Pradesh,Srikakulam,18.570900998697432,84.25874814010675,542,2703114,1341738,1361376,3988,615432,1290288,752752,149684,700833,149554,1423119,747385,528736,129328,464451,85869,3301,101.0,55.0
Andhra Pradesh,Vizianagaram,18.28329696032972,83.45982854198873,543,2344474,1161477,1182997,4453,527736,1157962,592458,157056,557254,140361,1206366,666394,451469,105327,403386,80085,3103,102.0,53.0
Andhra Pradesh,Warangal,18.01752608695651,79.87422028985509,540,3512576,1759281,1753295,12952,828077,1705655,758738,288249,758092,237349,1891954,941452,664872,168039,593070,117016,4762,100.0,59.0
Andhra Pradesh,West Godavari,16.63297943925236,81.45912990654196,546,3936966,1964918,1972048,12050,1017568,1773112,1007255,248373,1061787,435334,2051513,1127764,755533,263697,724609,82492,5485,100.0,67.0
Arunachal Pradesh,Changlang,27.36048479338845,96.37552644628106,253,148226,76948,71278,170,14593,62966,33422,6498,4208,4762,96630,35018,16414,3559,13892,8962,348,93.0,49.0
Arunachal Pradesh,East Kameng,27.371194055944056,93.04741486013997,247,78690,38775,39915,57,5318,31710,14503,5215,1063,3583,53752,17922,6960,1562,6187,5600,348,103.0,49.0
Arunachal Pradesh,East Siang,28.15382352941176,95.06499226006191,251,99214,50116,49098,450,14231,40222,19497,9524,3565,4866,61993,25334,11802,2813,8102,6270,644,98.0,63.0
Arunachal Pradesh,Kurung Kumey,28.04853351800553,93.24531994459834,256,92076,45318,46758,95,3911,38044,18603,1092,2947,586,64379,20713,6836,832,5358,8718,348,103.0,40.0
Arunachal Pradesh,Lohit,27.946785273972623,96.59670770547945,259,145726,76221,69505,312,17157,60945,33599,11372,7789,6549,94890,35493,15195,3981,15082,8813,348,91.0,57.0
Arunachal Pradesh,Lower Dibang Valley,28.32651730103806,95.76567335640142,258,54080,28053,26027,207,5932,22326,12000,3950,3354,3068,35140,13254,5652,1964,5222,3048,348,93.0,59.0
Arunachal Pradesh,Lower Subansiri,27.70849297297297,93.96226108108112,255,83030,41843,41187,381,12493,30202,18112,5365,1968,4211,55258,20305,7412,2185,5721,5450,348,98.0,65.0
Arunachal Pradesh,Papum Pare,27.273529716981127,93.54468183962264,248,176573,89182,87391,2477,30539,65772,20308,30180,1859,22966,120592,43812,11856,5081,16296,9382,644,98.0,69.0
Arunachal Pradesh,Tawang,27.680683962264148,91.82504245283016,245,49977,29151,20826,96,8635,28561,10730,2452,1581,3794,30709,13849,5399,2397,4886,2034,348,71.0,52.0
Arunachal Pradesh,Tirap,26.94406229508198,95.41470327868862,254,111975,57604,54371,98,16026,50169,18420,6500,1811,3104,71785,25669,14423,2362,7974,6681,348,94.0,43.0
Arunachal Pradesh,Upper Siang,28.8309244897959,95.00155765306124,252,35320,18699,16621,97,6198,17644,8569,2182,804,1504,21090,8910,5252,1628,2749,2100,348,89.0,52.0
Arunachal Pradesh,Upper Subansiri,28.277196566523585,93.8991435622318,249,83448,41758,41690,139,5373,33370,14542,4672,1846,3123,56054,20055,7230,1526,6935,6174,348,100.0,54.0
Arunachal Pradesh,West Kameng,27.46486582278483,92.65015750452083,246,83947,46155,37792,202,14188,42493,17889,6306,1705,7133,53026,22362,8493,3128,8509,4146,348,82.0,58.0
Arunachal Pradesh,West Siang,28.106296920289843,94.53510344202908,250,112274,58168,54106,303,14204,49177,22272,8503,1384,6115,70415,28305,13469,2412,8169,7494,348,93.0,58.0
Assam,Barpeta,26.427872264631056,90.97912010178116,303,1693622,867004,826618,2078,84804,561824,447189,52192,98946,50806,1072312,405046,215355,31807,190552,95730,348,95.0,53.0
Assam,Bongaigaon,26.45012521994133,90.6734296187684,319,738804,375818,362986,2523,49866,255806,181923,38470,47406,29937,458796,184849,94939,15751,85826,39096,348,97.0,59.0
Assam,Cachar,24.815570668693017,92.86849650455927,316,1736617,886284,850333,5316,140205,608062,346227,88933,68664,62135,1048990,444899,241776,56910,203831,93340,348,96.0,68.0
Assam,Darrang,26.58463215962442,92.04141338028155,325,928500,475273,453227,1166,45444,324843,268517,20189,81617,17676,583436,226525,118102,19407,106839,50693,348,95.0,52.0
Assam,Dhemaji,27.586533438485816,94.71336908517353,308,686133,351249,334884,1192,28195,316800,211758,16504,19181,16547,434221,169630,82051,8303,69390,41922,348,95.0,62.0
Assam,Dibrugarh,27.30612284482757,95.0998282327587,310,1326335,676434,649901,8817,136685,560557,299852,77163,61209,76292,767147,371864,186774,28094,161208,70958,348,96.0,67.0
Assam,Goalpara,26.017277777777807,90.59869891598912,302,1008183,513292,494891,1364,78641,362573,228610,39504,75828,21455,650509,239831,117427,18921,108374,56821,348,96.0,56.0
Assam,Golaghat,26.377219709794485,93.82583397823468,313,1066888,543161,523727,3073,82345,479928,292893,34190,66616,40889,629153,289085,148244,22125,137370,55869,348,96.0,68.0
Assam,Hailakandi,24.457496089385486,92.59154664804475,318,659296,337890,321406,1211,44143,214240,159215,16202,31248,11035,419921,156243,82841,25569,73531,38038,348,95.0,62.0
Assam,Jorhat,26.76244824016563,94.30197722567289,312,1092256,556805,535451,5651,122063,498618,286330,80824,53153,71639,604908,315550,171062,25296,144578,53066,348,96.0,73.0
Assam,Kamrup,26.170939452054807,91.58863273972592,321,1517542,778461,739081,3109,122191,628954,390596,43849,99522,70272,895775,408232,212740,24211,184261,79952,348,95.0,66.0
Assam,Karbi Anglong,26.08966454598031,93.11536570271832,314,956313,490167,466146,1923,53918,383441,215691,37185,60952,18763,618633,233739,103123,15406,87093,59266,348,95.0,58.0
Assam,Karimganj,24.69660712250711,92.3679498575498,317,1228686,625864,602822,1933,70951,399171,261945,32695,67033,28261,779850,284368,163990,37517,119294,72351,348,96.0,65.0
Assam,Kokrajhar,26.497246635730868,90.13997470997688,300,887142,452905,434237,1218,41373,341131,204896,17115,56330,15089,552671,224715,108956,17678,102861,50540,348,96.0,55.0
Assam,Lakhimpur,27.14128805970149,94.0775949253732,307,1042137,529674,512463,1948,60296,429995,293239,34694,43922,32104,639385,268872,133615,15880,113696,59383,348,97.0,66.0
Assam,Nagaon,26.26462170626351,92.9306191144708,305,2823768,1439112,1384656,5121,195631,979998,674999,124186,196174,89206,1778277,678034,366112,58220,302531,160725,348,96.0,61.0
Assam,Nalbari,26.46323767605632,91.40598521126763,323,771639,396006,375633,1631,68313,267623,210706,28238,34984,37849,442061,211320,117809,12138,91709,42345,348,95.0,69.0
Assam,Sonitpur,26.73514926829268,92.85197804878044,306,1924110,983904,940206,4358,133368,770606,483325,64528,114865,70047,1159991,501239,261648,37955,219954,108021,348,96.0,58.0
Assam,Tinsukia,27.53549291139241,95.69055949367085,309,1327929,680231,647698,5135,161718,557196,290704,90910,47756,70471,799874,352158,175377,29527,147468,76134,348,95.0,60.0
Bihar,Araria,26.211528119180603,87.30766554934816,209,2811569,1463333,1348236,2561,43290,1069893,659061,44213,691947,17004,1872943,612012,324091,80376,277849,175194,2035,92.0,43.0
Bihar,Aurangabad,24.774291867469877,84.45986024096379,235,2540073,1318684,1221389,2362,44456,837770,428291,49006,426096,24106,1626969,564571,340948,30619,137515,143408,2215,93.0,58.0
Bihar,Aurangabad,24.774291867469877,84.45986024096379,515,3701282,1924469,1776813,23258,589477,1575079,551789,427343,396630,246324,2211996,909771,571932,85884,415993,186833,8119,92.0,68.0
Bihar,Banka,24.832355642023337,86.8664916342413,225,2034763,1067140,967623,1704,62359,771080,425604,18492,462614,15459,1291235,462080,278863,38997,181580,128170,1738,91.0,47.0
Bihar,Begusarai,25.54302613168723,86.12560144032932,222,2970541,1567660,1402881,4644,120373,938182,594377,139248,430870,49493,1951688,644874,369996,85210,286725,184650,2354,89.0,52.0
Bihar,Bhagalpur,25.277192885375477,87.04213814229242,224,3037766,1615663,1422103,6764,174534,983528,522527,130634,475228,63241,1952879,674660,397654,59018,264904,191216,2814,88.0,52.0
Bihar,Bhojpur,25.50666439393939,84.49407803030304,231,2728407,1430380,1298027,3661,62153,822493,434559,77368,364875,45763,1722387,613072,387389,33629,142899,150381,2600,91.0,59.0
Bihar,Buxar,25.48593018867924,84.08808081760995,232,1706352,887977,818375,1784,46760,538322,299252,35405,251790,27362,1074754,375372,253998,20068,88936,96849,1556,92.0,58.0
Bihar,Darbhanga,26.146187719298258,85.97387352472099,215,3937385,2059949,1877436,6280,127442,1223640,907174,95539,642115,59510,2535344,865971,529314,115803,396000,249637,3514,91.0,46.0
Bihar,Gaya,24.7266541547278,84.94291217765044,236,4391418,2266566,2124852,6856,112617,1664062,696289,111282,783505,57738,2810026,936630,537333,53453,252000,262055,3998,94.0,52.0
Bihar,Gopalganj,26.44874364161851,84.34636127167629,217,2562012,1267666,1294346,3707,69375,728201,515925,38133,338666,31193,1642807,546202,370662,31186,145088,157982,2370,102.0,54.0
Bihar,Jamui,24.78418380462726,86.26316298200514,238,1760405,916064,844341,1839,32633,727571,325909,30851,331466,12984,1135919,392052,227016,30808,132724,102930,1516,92.0,49.0
Bihar,Jehanabad,25.155679045643165,84.9208124481328,239,1125313,585582,539731,1106,27641,365378,186660,28132,179519,15507,714244,254582,155106,14984,69576,65873,960,92.0,55.0
Bihar,Katihar,25.56565356037151,87.70466083591326,212,3071029,1600430,1470599,2941,60900,1013566,668232,69838,672291,32570,2054202,660403,353483,91428,297110,190893,2516,92.0,42.0
Bihar,Khagaria,25.53558891454964,86.56593256351037,223,1666886,883786,783100,1580,40641,560805,373696,21007,325731,15401,1114645,355531,195796,44976,154724,109253,1254,89.0,46.0
Bihar,Kishanganj,26.324336758321294,87.95045007235886,210,1690400,866970,823430,1093,58718,529064,401793,43357,321867,11715,1139615,361114,188447,50719,153832,108403,1347,95.0,44.0
Bihar,Lakhisarai,25.183449321266963,86.12825701357468,227,1000912,526345,474567,1186,44491,326576,175882,31763,159970,12938,650642,218840,130655,12564,64137,62457,904,90.0,51.0
Bihar,Madhepura,25.77341929460581,86.8978443983403,213,2001762,1047559,954203,1397,23236,777546,486278,24000,484062,12302,1311771,444235,242382,52192,203093,126649,1494,91.0,42.0
Bihar,Madhubani,26.41380538172716,86.16328360450552,207,4487379,2329313,2158066,5319,113281,1636938,1047552,41234,940642,47090,2860455,1009424,611899,123167,441220,278421,3520,93.0,48.0
Bihar,Munger,25.198537962962963,86.54173672839504,226,1367765,729041,638724,2653,90461,426658,222281,85782,196449,49141,860147,316713,188319,28389,130791,85773,1424,88.0,59.0
Bihar,Muzaffarpur,26.18664417177915,85.32745092024543,216,4801062,2527497,2273565,10290,180651,1547586,998694,120700,769001,87796,3016735,1079189,697108,126489,459200,297357,4105,90.0,52.0
Bihar,Nalanda,25.229345508982053,85.48053113772461,229,2877653,1497060,1380593,4156,101378,1045420,514141,102522,534021,43761,1829128,642197,403129,43622,191481,175870,2578,92.0,53.0
Bihar,Nawada,24.825708836206903,85.61594568965519,237,2219146,1144668,1074478,1841,31162,817041,379551,45323,397505,20522,1440781,485628,288805,24839,117974,132750,1924,94.0,49.0
Bihar,Pashchim Champaran,27.16064352201258,84.30265911949685,203,3935042,2061110,1873932,3495,57546,1478947,839514,96620,998833,38414,2544205,888205,497793,84988,299420,249111,3181,91.0,45.0
Bihar,Patna,25.40297114503818,85.3198433587787,230,5838465,3078512,2759953,40692,546859,1881886,657991,552103,658203,321307,3626564,1382654,815638,78118,411646,328240,7065,90.0,59.0
Bihar,Purba Champaran,26.68129336734693,85.00382155612242,204,5099371,2681209,2418162,7719,74979,1737539,1142260,101565,1057417,52358,3316422,1122340,648009,130391,447128,329859,4098,90.0,45.0
Bihar,Purnia,25.81714801901739,87.40447606973065,211,3264619,1699370,1565249,4170,86058,1143318,712847,85749,745015,33688,2155512,696556,372692,92221,304012,205154,2641,92.0,41.0
Bihar,Rohtas,24.99170460829495,83.9350762672811,234,2959918,1543546,1416372,4594,114893,924879,512383,95678,405544,41659,1875174,673742,407193,35246,166203,166881,1555,92.0,61.0
Bihar,Saharsa,25.821270696721303,86.54670819672135,214,1900661,997174,903487,1668,41342,649898,432651,38046,356833,21651,1249692,415863,233870,44773,179102,122491,1582,91.0,42.0
Bihar,Samastipur,25.793205563909765,85.94833323308269,221,4261566,2230003,2031563,5379,88021,1343400,1012979,43486,721629,46123,2766930,913339,568812,113891,404835,274280,3500,91.0,50.0
Bihar,Saran,25.89656077844312,84.82266287425155,219,3951862,2022821,1929041,4509,94787,1040231,701323,76299,493461,51822,2516115,847031,585386,52247,226877,238266,3667,95.0,55.0
Bihar,Sheikhpura,25.12472436548223,85.77839390862943,228,636342,329743,306599,631,20065,224655,108293,24345,109696,6803,413475,136898,85045,8345,36901,39065,565,93.0,52.0
Bihar,Sheohar,26.458380748663107,85.29539411764709,205,656246,346673,309573,478,10004,216372,158484,7516,136334,3983,421241,139909,93398,33670,71746,39484,489,89.0,43.0
Bihar,Sitamarhi,26.56570069686413,85.61172491289203,206,3423574,1803252,1620322,3460,66263,1114583,807294,49670,635907,39465,2206340,739982,449035,137053,357069,210775,2679,90.0,42.0
Bihar,Siwan,26.1736372013652,84.33766552901022,218,3330464,1675090,1655374,3834,52935,932416,632514,41858,376344,42384,2115448,713597,498299,42432,191273,203685,3014,99.0,58.0
Bihar,Supaul,26.28157893772896,86.78496465201461,208,2229076,1155283,1073793,1845,51028,877682,572287,27815,554271,12111,1453438,495020,277610,53895,223470,141160,1836,93.0,46.0
Bihar,Vaishali,25.8134703180212,85.39247597173153,220,3495021,1844535,1650486,4810,70001,1060344,699317,51494,502637,47300,2176701,759132,486032,61912,285265,217871,2930,89.0,55.0
Chandigarh,Chandigarh,30.7426,76.75872465753424,55,1055450,580663,474787,44283,231204,404136,8911,289456,1687,168344,602411,303748,148945,39616,144460,43001,34145,82.0,76.0
Chhattisgarh,Bastar,19.393866751269048,81.52895126903546,414,1413199,698487,714712,1782,157646,726531,316425,54894,287828,22075,864272,358157,189569,54310,161211,81784,1529,102.0,46.0
Chhattisgarh,Bilaspur,22.356942982456143,81.99770350877188,30,381956,192764,189192,1574,79146,205871,152458,11987,4138,17262,193671,107367,80497,10504,46905,18706,3666,98.0,75.0
Chhattisgarh,Bilaspur,22.356942982456143,81.99770350877188,406,2663629,1351574,1312055,8566,519704,1203197,549632,188174,572292,77727,1625484,655032,380114,121345,321189,148587,2981,97.0,60.0
Chhattisgarh,Dhamtari,20.554912627291245,81.7569195519348,412,799781,397897,401884,1016,148926,402895,168689,41792,182602,14568,461125,213021,125429,27166,92059,40160,782,101.0,68.0
Chhattisgarh,Durg,21.194463849287164,81.33181639511197,409,3343872,1682101,1661771,16141,614109,1496805,533448,349741,560415,129193,1919832,898241,523656,103268,375703,172192,4209,99.0,69.0
Chhattisgarh,Jashpur,22.77286167664669,83.8703962075848,402,851669,424747,426922,567,76783,487360,205670,20722,197558,6628,488965,214455,148100,34107,99333,50726,856,101.0,58.0
Chhattisgarh,Korba,22.491712499999995,82.57604326923074,404,1206640,612915,593725,4544,202380,521186,206598,126055,221806,43357,729708,309479,166959,55218,153186,61531,1565,97.0,62.0
Chhattisgarh,Koriya,23.50412776859501,82.12515636363635,400,658917,334737,324180,1667,80023,307071,121852,59763,94648,25605,399581,165022,94073,31952,81771,34136,852,97.0,60.0
Chhattisgarh,Mahasamund,21.223727037773354,82.65925427435384,411,1032754,511967,520787,961,212487,499260,274793,35774,278073,13200,582544,272009,177826,55394,143728,50550,964,102.0,62.0
Chhattisgarh,Raigarh,22.008265068493166,83.27797698630134,403,1493984,750278,743706,3342,297308,690167,354278,66638,323788,27771,841958,398257,253488,85832,200941,67366,1575,99.0,64.0
Chhattisgarh,Raigarh,22.008265068493166,83.27797698630134,520,2634200,1344345,1289855,38570,547206,1072969,581868,377160,191182,328277,1414154,748339,462741,100690,362797,109995,6097,96.0,74.0
Chhattisgarh,Raipur,20.88603153846152,82.20032759615388,410,4063872,2048186,2015686,20261,728556,1757664,673499,395001,708993,166505,2454299,1038155,560184,142329,462395,209786,4561,98.0,65.0
Chhattisgarh,Surguja,23.32719278728607,83.23582493887531,401,2359886,1193129,1166757,2737,253131,1155807,525596,65167,523356,29433,1441436,561915,355077,100529,270986,135326,2462,98.0,50.0
Daman and Diu,Daman,20.431616666666677,72.8392366071429,495,191173,124659,66514,1316,49249,105521,10006,61073,481,25844,122589,52868,15428,11608,30398,6389,34145,53.0,79.0
Daman and Diu,Junagadh,20.72568199498111,70.83985639899612,479,2743082,1404356,1338726,6628,498326,1123709,489237,287506,333996,144561,1527888,749156,461650,58186,276859,151329,5549,95.0,67.0
Goa,North Goa,15.548723418714054,73.80667997909038,585,818008,416677,401331,23440,173951,327658,115859,209230,14120,132612,380926,260533,175035,29113,114062,28595,2078,96.0,81.0
Goa,South Goa,15.195278658183785,73.941792596877,586,640537,322463,318074,17624,138810,249590,88620,162873,12640,102191,314480,194872,130605,24211,90673,23123,1646,99.0,78.0
Gujarat,Ahmadabad,22.605425564971743,72.23898135593227,474,7214225,3788051,3426174,126341,1456046,2594952,353169,1845383,268954,965017,3952858,2043895,1198152,182733,880951,349856,18633,90.0,75.0
Gujarat,Amreli,21.04832649310872,71.43457637825426,480,1514190,771049,743141,2538,273331,657139,313714,116899,209935,80378,836343,389892,282409,40657,138082,94707,2825,96.0,66.0
Gujarat,Anand,22.282718206229863,72.57782051557454,482,2092745,1087224,1005521,9902,378310,844794,413078,208909,346329,147122,1134962,585093,366419,58103,231623,110412,4372,92.0,74.0
Gujarat,Banas Kantha,24.258538965517253,71.93205252873561,469,3120506,1610379,1510127,3424,396873,1248600,666773,137424,350541,84832,1984701,738412,394793,45844,260512,207431,4242,94.0,55.0
Gujarat,Bharuch,21.75787276237761,72.67326346710801,488,1551019,805707,745312,10257,309091,627124,300677,181319,253577,121542,844298,442523,254728,50563,190910,76472,3242,93.0,72.0
Gujarat,Bhavnagar,21.70219390341736,72.16272632761141,481,2880365,1490201,1390164,7297,500757,1150632,387251,356826,334025,171327,1708938,720241,445121,65453,253095,177277,5434,93.0,66.0
Gujarat,Gandhinagar,23.193679790026252,72.67221679790026,473,1391753,723864,667889,12107,262539,534976,237624,195634,129356,132683,769329,391862,224886,37516,163534,71905,6016,92.0,74.0
Gujarat,Jamnagar,22.410600414263328,69.62062005768233,477,2160119,1114192,1045927,11573,386538,847440,347158,299167,147193,142974,1220598,576319,358455,53108,225160,117869,5028,94.0,65.0
Gujarat,Junagadh,20.929523011609785,70.54733890140345,479,2743082,1404356,1338726,6628,498326,1123709,489237,287506,333996,144561,1527888,749156,461650,58186,276859,151329,5549,95.0,67.0
Gujarat,Kachchh,23.48057203301311,68.82192301497916,468,2092371,1096737,995634,9631,403294,776228,488293,250982,183971,140067,1278604,524052,286086,78465,229277,115066,4146,91.0,60.0
Gujarat,Kheda,22.88765312500002,73.018803515625,483,2299885,1185727,1114158,5710,372226,933983,461479,160547,359842,99982,1260660,628221,388646,61816,244695,127957,4252,94.0,72.0
Gujarat,Mahesana,23.529355452865065,72.45545194085031,471,2035064,1056520,978544,7759,385609,812064,476005,183738,242969,180985,1119451,554432,357578,59628,232736,114271,3648,93.0,74.0
Gujarat,Narmada,21.70666386292833,73.68403208722742,487,590297,301086,289211,576,101940,294795,138121,22248,188030,12997,336830,157910,93466,19329,62416,34560,979,96.0,63.0
Gujarat,Navsari,20.866973318871995,72.86184869848157,490,1329672,678165,651507,6726,267679,591834,267739,141417,206608,114620,673014,390349,258957,43365,177608,61357,3256,96.0,75.0
Gujarat,Panch Mahals,22.80435606837605,73.61984598290586,484,2390776,1226961,1163815,3456,398937,1097507,463363,104238,376038,59096,1421859,599925,363391,53952,206091,145983,3981,95.0,60.0
Gujarat,Patan,23.80634198473284,71.75162977099237,470,1343734,694397,649337,2231,223424,554830,301483,102655,227080,66310,786357,341381,213465,35081,135333,83195,2199,94.0,62.0
Gujarat,Porbandar,21.55092351651571,69.71896987722886,478,585449,300209,285240,1653,117040,231169,96015,87557,48964,41686,314886,163777,105638,17436,71173,30207,1463,95.0,67.0
Gujarat,Rajkot,22.40603377715488,70.83679439383323,476,3804558,1974445,1830113,21785,747352,1479050,459474,721532,214285,362140,2080568,1052871,659576,94572,446694,199955,8498,93.0,72.0
Gujarat,Sabar Kantha,23.71803594548552,73.13638790459964,472,2428589,1244231,1184358,5262,438606,1084878,544024,121509,333867,99037,1393131,630963,400905,56824,247442,145124,3934,95.0,65.0
Gujarat,Surat,21.25761372772093,72.93488716344339,492,6081322,3402224,2679098,55694,1252452,2553542,369840,1529998,325739,815423,3563443,1740746,723415,174440,788695,276610,16368,79.0,75.0
Gujarat,Surendranagar,22.82672007299272,71.48358740875906,475,1756268,909917,846351,2975,302068,723500,340788,159810,270861,77857,1033435,439352,280582,46527,166727,105628,3227,93.0,62.0
Gujarat,The Dangs,20.801633877551023,73.6883518367347,489,228291,113821,114470,137,29794,118257,52102,7516,40486,2029,146095,51821,30027,5366,21667,17224,325,101.0,62.0
Gujarat,Vadodara,22.26133739279589,73.49433010291594,486,4165626,2153736,2011890,53606,798277,1693473,547454,692971,570361,411734,2213474,1190041,733710,122649,502358,206020,9753,93.0,69.0
Gujarat,Valsad,20.44238231644259,72.9148584798345,491,1705678,887222,818456,11020,329218,743245,262410,235981,183025,137209,944532,485874,259906,50956,208732,84074,3316,92.0,69.0
Haryana,Ambala,30.3503672316384,76.94970310734456,70,1128350,598703,529647,12899,199681,372139,175365,139891,57293,121622,617859,308126,201685,18758,120894,54266,2781,88.0,72.0
Haryana,Bhiwani,28.728868064516128,76.02110225806452,81,1634445,866672,767773,5292,266244,623006,357047,99235,103788,88938,964960,405760,261428,21776,175604,88960,3349,89.0,65.0
Haryana,Faridabad,28.14873109756098,77.32718536585368,88,1809733,966110,843623,43437,333171,579229,87700,382981,29288,258422,1095602,481318,231029,34713,201457,94686,5080,87.0,70.0
Haryana,Fatehabad,29.57298318584072,75.54608716814157,78,942011,495360,446651,3210,153301,369083,203020,55360,97997,51693,555745,237009,147469,12757,99951,51558,1854,90.0,59.0
Haryana,Gurgaon,28.043894789579163,77.01935130260523,86,1514432,816690,697742,67087,305751,544716,141703,381988,27097,238359,875531,428101,210307,48612,189075,66325,3107,85.0,73.0
Haryana,Hisar,29.23628731117825,75.84324682779452,80,1743931,931562,812369,10132,285004,691621,302013,154113,144213,110495,1017830,456536,265109,22962,188751,91914,3642,87.0,64.0
Haryana,Jhajjar,28.59651868131869,76.61137142857145,83,958405,514667,443738,5034,168558,326534,211816,78328,44845,70149,549975,245095,162356,13891,105616,50636,2169,86.0,71.0
Haryana,Jind,29.45149821958457,76.29598575667653,77,1334152,713006,621146,5263,222462,523422,278335,89665,102071,78386,784085,335704,213478,17274,134056,73299,2674,87.0,62.0
Haryana,Kaithal,29.96068539094649,76.37698930041155,73,1074304,571003,503301,3724,187349,373899,231091,75696,85651,62668,630194,265813,176320,15118,111504,59344,2046,88.0,60.0
Haryana,Karnal,29.703200647249204,76.87488025889972,74,1505324,797712,707612,11163,267223,516062,292682,135920,133723,143133,884972,380409,234684,23222,161777,81876,3368,89.0,65.0
Haryana,Kurukshetra,30.05652659846548,76.78774680306903,72,964655,510976,453679,7356,171908,336780,203553,88268,85890,90150,552034,250830,160216,14688,104115,48824,2137,89.0,67.0
Haryana,Mahendragarh,28.1352161458333,76.14018072916659,84,922088,486665,435423,2624,135455,338584,223726,44216,38320,45359,530000,229392,161258,11918,91491,49530,1894,89.0,68.0
Haryana,Panchkula,30.700897142857134,76.97173238095236,69,561293,299679,261614,18615,103455,211479,70895,93656,12827,69687,309078,157076,93606,13157,65612,25585,1445,87.0,72.0
Haryana,Panipat,29.34352134146342,76.92895914634147,75,1205437,646857,558580,10024,209965,412318,173502,153804,62358,121846,739075,298764,167244,17992,123573,65067,2559,86.0,65.0
Haryana,Rewari,28.19164714828897,76.55956007604564,85,900332,474335,425997,5121,152651,337727,199449,69305,28215,62667,518747,230704,150557,14103,97233,45917,1979,90.0,71.0
Haryana,Rohtak,28.892517647058817,76.53123235294117,82,1061204,568479,492725,8482,193120,345967,175203,131739,36568,94633,605741,269354,185685,15759,118044,55628,2299,87.0,70.0
Haryana,Sirsa,29.63583446327684,74.90970480225988,79,1295189,682582,612607,6287,215527,502003,245476,93316,147042,70538,750228,334344,208185,17328,135060,70339,2681,90.0,60.0
Himachal Pradesh,Bilaspur,31.3780422907489,76.65316079295157,30,381956,192764,189192,1574,79146,205871,152458,11987,4138,17262,193671,107367,80497,10504,46905,18706,3666,98.0,75.0
Himachal Pradesh,Bilaspur,31.3780422907489,76.65316079295157,406,2663629,1351574,1312055,8566,519704,1203197,549632,188174,572292,77727,1625484,655032,380114,121345,321189,148587,2981,97.0,60.0
Himachal Pradesh,Chamba,32.66741814595661,76.39354063116366,23,519080,261320,257760,1615,96082,294035,186395,13836,9193,21458,306555,130606,81566,11994,52526,31977,950,99.0,62.0
Himachal Pradesh,Hamirpur,31.67668481012659,76.49767088607594,28,454768,217070,237698,2521,104120,241931,196116,15232,8824,34978,224044,123941,106641,17767,64353,19251,878,110.0,79.0
Himachal Pradesh,Hamirpur,31.67668481012659,76.49767088607594,168,1104285,593537,510748,1196,55929,443655,256081,55300,181449,20175,660774,260368,181109,25110,88512,73892,1291,86.0,59.0
Himachal Pradesh,Kangra,32.14093603238864,76.41205910931173,24,1510075,750591,759484,8053,330081,675170,588321,39007,54849,148361,766581,419172,319420,44900,213017,68294,2878,101.0,76.0
Himachal Pradesh,Kinnaur,31.60667184065933,78.51613736263741,34,84121,46249,37872,354,17865,56273,44514,0,2537,10740,42360,26599,15075,5725,9423,3758,181,82.0,72.0
Himachal Pradesh,Kullu,31.90911922077925,77.40922649350647,26,437903,225452,212451,2623,91322,269084,167995,20709,12372,40064,244727,120510,72282,15132,53737,22985,854,94.0,70.0
Himachal Pradesh,Mandi,31.635805940594054,76.96556930693067,27,999777,498065,501712,5333,214491,572671,431129,31696,15822,59324,524285,279321,194661,31574,130468,48770,1842,101.0,72.0
Himachal Pradesh,Shimla,31.155725451807253,77.62573042168668,33,814010,425039,388971,9177,172754,430926,279269,95896,26114,108888,425721,241956,145577,33411,102290,37051,1668,92.0,75.0
Himachal Pradesh,Sirmaur,30.682764453961443,77.43184689507493,32,529855,276289,253566,2220,91509,280083,171102,21054,10730,28904,310244,136839,82471,10862,47460,29490,930,92.0,68.0
Himachal Pradesh,Solan,31.03864311926604,76.94442140672783,31,580320,308754,271566,5250,119866,298737,192787,51509,10283,53722,321533,167168,90808,20126,68774,27001,1253,88.0,74.0
Himachal Pradesh,Una,31.58330388349513,76.18353932038836,29,521173,263692,257481,2412,105929,215346,185091,20126,19604,43809,273223,142351,105358,12478,65541,26829,987,98.0,77.0
Jammu and Kashmir,Doda,33.359614675767915,76.07163720136518,16,409936,213641,196295,596,61831,151912,122267,11350,12199,7963,263576,93189,52744,8264,40819,25349,1103,92.0,53.0
Jammu and Kashmir,Jammu,32.713199095022645,74.8477520361991,21,1529958,813821,716137,19905,294739,508622,254566,248043,36873,197168,816827,435895,275585,26422,193158,68820,3525,88.0,74.0
Jammu and Kashmir,Kargil,33.565994894894914,76.63675315315312,4,140802,77785,63017,235,15824,51873,40370,7774,3763,3285,87532,35561,17488,1523,4991,6832,214,81.0,61.0
Jammu and Kashmir,Kathua,32.51781678321678,75.58901398601404,7,616435,326109,290326,1443,109422,200431,181374,33473,21566,32772,357864,160123,97684,9870,67133,33057,936,89.0,63.0
Jammu and Kashmir,Pulwama,33.88414418604652,75.00921860465118,12,560440,293064,267376,1537,73629,188420,147520,21703,34080,16828,342601,137032,80111,2996,32942,31436,1068,91.0,52.0
Jammu and Kashmir,Punch,33.791241290322574,74.29593161290322,5,476835,251899,224936,346,62900,161393,132139,15269,31583,13160,304979,109818,61334,8966,44517,31443,629,89.0,55.0
Jammu and Kashmir,Srinagar,34.27312898550724,75.11021159420288,10,1236829,651124,585705,16413,165403,407188,4518,257721,10408,138119,693238,351561,190330,8952,94928,49622,3099,90.0,61.0
Jammu and Kashmir,Udhampur,33.04770670731707,75.15286951219511,19,554985,296784,258201,1214,73999,243672,148664,34696,11396,20008,339145,140785,74757,6729,47101,31098,1278,87.0,58.0
Jharkhand,Bokaro,23.6814965034965,85.98398374125864,355,2062330,1072807,989523,9754,274726,685368,250312,258452,126406,67157,1261238,510375,282115,39306,203702,119534,3604,92.0,62.0
Jharkhand,Chatra,24.11619945750453,84.93295804701627,347,1042886,533935,508951,590,27037,397690,200974,14528,188513,5307,692650,222892,126682,17012,75131,68464,817,95.0,49.0
Jharkhand,Deoghar,24.33070100755672,86.75697632241814,350,1492073,775022,717051,1944,130193,551467,257373,64337,209693,26760,944961,338413,205514,22703,122204,85691,1267,93.0,53.0
Jharkhand,Dhanbad,23.854509090909097,86.40372924901185,354,2684487,1405956,1278531,11568,427173,844504,258764,405455,103488,83995,1634835,648876,356445,48335,254604,153679,3954,91.0,64.0
Jharkhand,Dumka,24.275006125574265,87.27662450229711,362,1321442,668514,652928,1193,62110,624779,303697,23281,303084,11836,799323,324226,196164,37071,147147,76605,1323,98.0,51.0
Jharkhand,Garhwa,24.082114689265527,83.68664265536722,346,1322784,683575,639209,565,29373,571431,272872,19180,328673,6798,860869,284036,177599,32063,117461,88464,1017,94.0,49.0
Jharkhand,Giridih,24.30578509874329,86.08710915619386,349,2445474,1258098,1187376,1944,125431,1036277,452564,46886,362610,16909,1597269,533788,312967,27587,156347,146041,2384,94.0,51.0
Jharkhand,Godda,24.8189,87.2941735483871,351,1313551,677927,635624,874,43230,552191,276454,15576,307767,7421,820367,308639,183519,30015,123999,79584,1057,94.0,46.0
Jharkhand,Gumla,23.078532948929148,84.55056787479396,366,1025213,514390,510823,831,31687,487508,216629,16445,97918,9108,643579,225871,155452,19433,81595,69063,849,99.0,55.0
Jharkhand,Jamtara,23.97873318077801,86.95325080091534,363,791042,404830,386212,808,49419,326631,165555,20113,135667,5564,480895,189889,116810,16551,76917,43706,540,95.0,54.0
Jharkhand,Latehar,23.72511185840708,84.48298743362837,359,726978,369666,357312,340,38194,313379,146377,14137,142729,2177,484084,152720,89870,13523,58080,50469,547,97.0,48.0
Jharkhand,Lohardaga,23.488796043165483,84.6605169064748,356,461790,232629,229161,351,28769,221332,96759,14725,80840,8016,298844,100340,62244,9611,41588,32787,388,99.0,56.0
Jharkhand,Pakur,24.57260428082189,87.69691969178076,353,900422,452661,447761,328,31414,404584,200588,16587,150028,5316,587976,206826,104418,24424,93405,52332,691,99.0,39.0
Jharkhand,Palamu,24.196925968109337,84.20310842824594,358,1939869,1006302,933567,2155,68238,713175,355529,52375,380976,17270,1244572,425668,268387,37735,163115,125041,1515,93.0,53.0
Jharkhand,Ranchi,23.184235061391547,85.31781937244203,364,2914253,1494937,1419316,22538,350908,1142867,420740,310242,267360,164237,1742293,725938,409166,56328,294024,167822,3805,95.0,66.0
Jharkhand,Sahibganj,24.93667989690721,87.68264097938142,352,1150567,589391,561176,591,34879,490202,223450,37543,206902,11545,745027,261849,137727,27770,112655,70027,954,95.0,42.0
Jharkhand,Simdega,22.608760391198054,84.59193691931536,367,599578,300309,299269,423,16865,288645,144169,11114,90232,3472,357859,143560,97817,15033,55943,38718,496,100.0,57.0
Karnataka,Bagalkot,16.15860676328503,75.64526070853468,556,1889752,950111,939641,3745,301389,818081,324799,165858,303243,49345,1123443,465706,299774,42474,183541,95192,2890,99.0,59.0
Karnataka,Bangalore Rural,12.936827087794448,77.47369314775169,583,990923,509172,481751,3729,214253,459891,231052,95410,84108,77454,535765,278153,176083,32919,144124,39473,1422,95.0,70.0
Karnataka,Belgaum,16.16107219152853,74.72329042357275,555,4779661,2423063,2356598,17560,808827,2105668,962777,356198,649517,240742,2669348,1251116,857143,119801,550977,226927,7045,97.0,64.0
Karnataka,Bellary,15.074377548209377,76.47228471074374,565,2452595,1236954,1215641,9626,440374,1116880,371604,251876,406092,114040,1487013,617276,346905,52024,267798,127026,3886,98.0,58.0
Karnataka,Bidar,17.950361730769224,77.19459961538459,558,1703300,870665,832635,3971,271439,702608,287134,102269,280091,34924,1018195,397120,287271,30167,150730,107588,2448,96.0,61.0
Karnataka,Bijapur,16.84015316666667,75.95909166666665,417,255230,128663,126567,117,12516,134525,50449,7942,49859,1022,167348,63802,23927,8837,25936,13973,1387,98.0,34.0
Karnataka,Bijapur,16.84015316666667,75.95909166666665,557,2177331,1111022,1066309,4987,326594,927722,396449,131041,351600,58890,1295274,527085,353549,41669,202950,121864,2938,96.0,57.0
Karnataka,Chikmagalur,13.425288289676422,75.67626502311249,570,1137961,566622,571339,4510,238505,565774,311660,80766,126600,74534,564994,341380,230864,40291,182344,42270,1996,101.0,72.0
Karnataka,Chitradurga,14.29102220394736,76.57821957236843,566,1659456,840843,818613,5711,307257,856587,349704,97644,294337,60522,891230,460057,306412,40589,213641,81805,2374,97.0,66.0
Karnataka,Davanagere,14.330414586709884,75.91723841166937,567,1945497,986400,959097,7320,372671,875207,354680,176011,295873,100812,1068518,538551,336173,42195,249307,89741,3062,97.0,67.0
Karnataka,Dharwad,15.343831376975173,75.13831264108359,562,1847023,937206,909817,15013,347962,784833,199707,283397,207642,140584,1017935,505688,322577,44413,223035,79875,3519,97.0,70.0
Karnataka,Gadag,15.507128256880746,75.64861302752298,561,1064570,537147,527423,3373,198064,495722,180066,111906,200310,31959,601578,279069,183409,27127,121985,51064,1699,98.0,66.0
Karnataka,Gulbarga,17.070459515951594,76.87503850385033,579,2566326,1301755,1264571,9752,404767,1087028,400704,199303,415267,77334,1570719,604665,388935,45331,217746,158370,5378,97.0,56.0
Karnataka,Hassan,12.945098749999998,76.11049549999997,574,1776421,883667,892754,4851,400702,903580,496103,132878,165910,90599,877340,522039,375918,62835,290412,67234,2743,101.0,69.0
Karnataka,Haveri,14.737582809224318,75.3961230607966,564,1597668,819128,778540,2456,295937,730066,315076,98488,311263,41517,904453,426094,266586,35646,195266,75502,2240,95.0,68.0
Karnataka,Kodagu,12.39684468085106,75.79336595744688,576,554519,274608,279911,3308,113931,278938,181182,31792,15153,40958,276918,163360,113919,28147,89880,17490,942,102.0,74.0
Karnataka,Kolar,13.312799881235172,78.01376947743476,581,1536401,776396,760005,5051,309494,717872,326567,151042,201233,72407,841499,419380,274240,42532,200532,72881,3389,98.0,66.0
Karnataka,Koppal,15.651253271028034,76.1617048598131,560,1389920,699926,689994,2135,223166,654766,272968,64681,273016,31673,855430,330393,202984,27857,131395,75020,1889,99.0,58.0
Karnataka,Mandya,12.574901806239744,76.81570098522172,573,1805769,905085,900684,3367,391033,871408,458867,103435,216159,80452,902307,527236,375100,59667,281659,72273,2628,100.0,64.0
Karnataka,Mysore,12.248100259403367,76.52881802853437,577,3001127,1511600,1489527,28397,640868,1314268,540596,380386,311002,273706,1580116,865220,553705,95305,457208,113521,4995,99.0,65.0
Karnataka,Raichur,16.050795353982295,76.87368606194688,559,1928812,964511,964301,5200,314547,903413,330446,125402,383526,51443,1196670,465173,265810,38538,178262,109289,2672,100.0,51.0
Karnataka,Shimoga,14.063845885634592,75.17882078103197,568,1752753,877415,875338,8791,363835,780598,352444,201662,246464,128087,913150,513297,325542,52344,269559,67079,3119,100.0,72.0
Karnataka,Tumkur,13.592467760074973,77.02297966260545,571,2678980,1350594,1328386,7971,562769,1354646,685443,204799,352286,116539,1351461,760936,564196,99901,407282,110970,4067,98.0,68.0
Karnataka,Udupi,13.450404228534568,74.72009990316337,569,1177361,562131,615230,9070,224814,513241,269817,115572,63390,83810,559565,340903,276234,34358,136103,53755,2100,109.0,79.0
Kerala,Alappuzha,9.542602965599087,76.38010796263319,598,2127789,1013142,1114647,28842,507913,804471,331419,392117,71706,274392,891512,648522,585591,80987,368315,70844,3368,110.0,87.0
Kerala,Ernakulam,10.004879301987431,76.26957729035381,595,3282388,1619557,1662831,88737,771287,1249343,369694,804997,71391,499291,1396968,1024720,858010,109005,568385,103994,6274,103.0,87.0
Kerala,Idukki,9.80480963855423,77.04586641566264,596,1108974,552808,556166,8250,244844,516363,391610,20823,145698,54626,494456,352163,261471,43326,192158,38760,1374,101.0,83.0
Kerala,Kannur,11.941523076923056,75.35209891725934,589,2523003,1181446,1341557,32653,511167,824116,306288,566191,82988,115356,1187177,741984,588081,74153,330674,101710,4432,114.0,85.0
Kerala,Kasaragod,12.33310309912974,75.07768497134369,588,1307375,628613,678762,10378,237670,462998,251641,166164,38774,74092,688763,369883,246975,31012,157758,58340,1988,108.0,79.0
Kerala,Kollam,8.929388820570157,76.6360775852431,600,2635375,1246968,1388407,31542,630767,912025,523715,401415,92193,263148,1177359,795245,660965,103503,466519,83769,3910,111.0,85.0
Kerala,Kottayam,9.643701174068417,76.46059673302705,597,1974551,968289,1006262,37849,464039,735735,481967,196194,63052,187213,811653,596302,565048,70095,330354,74003,3071,104.0,89.0
Kerala,Kozhikode,11.392924270557026,75.71158720159153,591,3086293,1470942,1615351,36791,641660,948981,323793,666543,64198,145558,1487644,909581,686109,84108,444561,122779,4594,110.0,85.0
Kerala,Malappuram,10.97329875666072,75.93910775606876,592,4112920,1960328,2152592,27909,730119,1062424,634543,522586,117405,139994,2406005,1041361,662311,69135,425449,200802,4838,110.0,81.0
Kerala,Palakkad,10.784926903553291,76.49980490693744,593,2809934,1359478,1450456,27162,587583,1042340,665899,228442,249949,178386,1395222,802611,608966,89212,394623,112468,3929,107.0,80.0
Kerala,Thiruvananthapuram,8.537101759082221,76.88711502868073,601,3301427,1581678,1719749,71621,783872,1231669,559293,609824,94470,343590,1488441,989238,820024,141266,568815,103948,5770,109.0,84.0
Kerala,Thrissur,10.458932647907687,76.12321940836945,594,3121200,1480763,1640437,56148,721625,1095727,336748,715119,73941,338350,1394214,931841,792182,114774,499304,107091,5612,111.0,86.0
Kerala,Wayanad,11.715277464788736,76.07587007042254,590,817420,401684,415736,4712,149864,340077,266183,11805,101630,23028,412806,246590,157326,23259,125105,32026,1095,103.0,79.0
Madhya Pradesh,Anuppur,23.18184220430107,81.86560000000007,461,749237,379114,370123,1290,81338,346471,147388,60325,130376,23388,444954,193520,109813,33559,90782,39257,787,98.0,58.0
Madhya Pradesh,Ashoknagar,24.63098846153845,77.82974493927134,459,845071,443837,401234,619,84720,315270,169606,37135,122387,15886,535410,194772,114131,26584,85945,49792,861,90.0,56.0
Madhya Pradesh,Balaghat,21.80020720640569,80.42170053380796,457,1701698,842178,859520,1712,277927,893014,400074,70793,459796,27283,969773,453605,276799,66352,230275,89463,1709,102.0,67.0
Madhya Pradesh,Barwani,21.702135714285724,74.91004719710673,441,1385881,699340,686541,1158,181139,653897,250358,48912,267196,30115,923665,302833,158594,23322,102717,89149,1336,98.0,40.0
Madhya Pradesh,Betul,21.964626315789477,77.7873428189117,447,1575362,799236,776126,2109,230974,786980,318945,87704,358157,45270,938819,392728,242592,41971,178031,92643,1845,97.0,60.0
Madhya Pradesh,Bhind,26.35951126187245,78.7618324287653,420,1703005,926843,776162,1166,107819,520768,271211,88385,158266,32268,1040736,399676,258588,32208,126610,101448,1786,84.0,64.0
Madhya Pradesh,Bhopal,23.480726143790854,77.39246623093679,444,2371061,1236130,1134931,40788,452912,867457,118893,581826,105195,281442,1405814,625594,330291,63397,282108,120466,4298,92.0,70.0
Madhya Pradesh,Burhanpur,21.364567254408065,76.24460478589425,467,757847,388504,369343,986,112420,328339,115979,62861,156295,40478,469838,181605,106034,17357,72437,43386,989,95.0,54.0
Madhya Pradesh,Chhatarpur,24.813637376460004,79.56449299191374,425,1762375,936121,826254,1880,176056,751797,375869,95048,238364,36506,1112636,394060,252417,58265,169728,118698,1947,88.0,54.0
Madhya Pradesh,Chhindwara,22.227966971713823,78.76413136439254,455,2090922,1064468,1026454,3588,344875,957984,413142,140802,422668,73284,1232263,535316,321977,59289,244209,117941,2513,96.0,62.0
Madhya Pradesh,Damoh,23.76624407960196,79.47049303482588,428,1264219,661873,602346,1432,187731,574595,303387,66514,250165,23270,768929,312593,181403,64022,168849,62447,1359,91.0,59.0
Madhya Pradesh,Datia,25.90226439560441,78.63916571428574,422,786754,420157,366597,616,97696,321160,160453,43401,93744,17555,473097,195131,118186,23731,82921,43215,951,87.0,62.0
Madhya Pradesh,Dewas,22.7851110021322,76.46088805970157,437,1563715,805359,758356,3518,270457,742676,274995,101014,310606,59521,943954,388648,230280,36633,160739,86599,1899,94.0,59.0
Madhya Pradesh,Dhar,22.572681718963157,75.1105620736698,438,2185793,1112725,1073068,2388,349639,1027974,412348,103364,437437,75637,1377326,533243,273050,50306,209444,129512,2470,96.0,49.0
Madhya Pradesh,Dindori,22.83738437047757,81.04332966714911,453,704524,351913,352611,554,62372,389925,218021,9774,190962,4576,419531,181841,102522,36568,96460,33585,652,100.0,54.0
Madhya Pradesh,Guna,24.49043927178156,77.2235895968791,458,1241519,649362,592157,2482,144248,514897,212765,72320,175615,34184,793150,285176,162104,33161,119065,75408,1302,91.0,53.0
Madhya Pradesh,Gwalior,26.04074441964285,78.12782433035713,421,2032036,1090327,941709,15779,306859,685311,172720,272172,120348,165061,1218319,519728,291451,36335,188922,112892,2830,86.0,67.0
Madhya Pradesh,Harda,22.227659781121783,77.07022571819435,448,570465,294838,275627,986,95066,230979,112714,31845,101256,22174,347774,138882,83417,13458,56810,33489,619,93.0,62.0
Madhya Pradesh,Hoshangabad,22.595268801996703,78.02168094841929,449,1241350,648725,592625,2871,198076,478082,209650,105746,181967,61415,730768,318232,191501,33099,137955,69820,1535,91.0,65.0
Madhya Pradesh,Indore,22.680265752128648,75.9133801324502,439,3276697,1699627,1577070,48691,593576,1268195,200371,587947,185528,417170,1877270,894464,493096,64254,347858,154066,5783,93.0,70.0
Madhya Pradesh,Jabalpur,23.18525572327043,79.98328754716981,451,2463289,1277278,1186011,20443,452023,1005624,272284,352477,283636,192581,1387369,679185,391903,73181,309266,112904,3776,93.0,71.0
Madhya Pradesh,Jhabua,22.419578015397768,74.40921616766468,464,1025048,515023,510025,744,125411,515121,211080,24713,115649,16683,684200,220769,119681,17169,88532,80303,1612,99.0,34.0
Madhya Pradesh,Katni,23.724416229116937,80.33819665871127,450,1292042,662013,630029,2179,172416,543874,276151,72880,223902,38086,778414,326582,185857,53016,158431,70214,1476,95.0,61.0
Madhya Pradesh,Mandla,22.70348712446353,80.38600543633753,454,1054905,525272,529633,912,143803,559649,279674,37258,318909,18413,614794,278553,160510,47721,147190,50642,1043,101.0,57.0
Madhya Pradesh,Mandsaur,24.19278764044944,75.43588667736759,433,1340411,682851,657560,2324,239885,679723,302287,81832,266350,47723,781000,346861,211815,43289,158569,70418,1475,96.0,62.0
Madhya Pradesh,Morena,26.37313504531724,77.88447341389724,419,1965970,1068417,897553,1781,131486,675993,319298,95288,148222,45113,1254302,452484,257704,44701,166295,117005,1924,84.0,60.0
Madhya Pradesh,Neemuch,24.70311893333336,75.06608186666664,432,826067,422653,403414,1945,145258,418682,174235,67962,136330,34666,476995,217403,131227,29512,97561,40638,1026,95.0,62.0
Madhya Pradesh,Panna,24.451325840092657,80.21133001158752,426,1016520,533480,483040,653,76097,431998,256744,32179,198847,13285,635347,235035,144827,47760,119049,60233,1034,91.0,54.0
Madhya Pradesh,Raisen,23.292518206521724,78.16305495923909,446,1331597,700358,631239,1141,194373,517838,251272,74441,228151,34499,832939,316319,181524,40528,143773,79383,1460,90.0,62.0
Madhya Pradesh,Rajgarh,23.785499026425583,76.66431223922116,442,1545814,790212,755602,1611,231130,745603,331894,69823,330820,30688,935230,363218,246447,65818,182265,83043,1629,96.0,52.0
Madhya Pradesh,Ratlam,23.503562290502792,75.14895782122909,434,1455069,738241,716828,3644,213825,690980,266716,107151,305946,67830,876905,363858,213560,40986,154724,81285,1700,97.0,57.0
Madhya Pradesh,Rewa,24.861184625158856,81.57572465057183,430,2365106,1225100,1140006,3406,251132,991946,523910,94489,463506,45180,1460075,540235,362228,112445,266104,140110,2756,93.0,61.0
Madhya Pradesh,Sagar,23.800318709677374,78.71940357771273,427,2378458,1256257,1122201,4546,366494,1006035,448408,165507,378560,68482,1470688,569166,335432,90478,272006,129330,2771,89.0,65.0
Madhya Pradesh,Satna,24.62777621776502,80.75547048710598,429,2228935,1157495,1071440,3754,294702,911349,461831,114173,371584,55196,1365647,535086,326049,86518,242126,128453,2641,93.0,62.0
Madhya Pradesh,Sehore,22.9297199679658,77.06780202883085,445,1311332,683743,627589,1566,212138,586087,270427,59220,227026,30868,817608,305605,187611,31433,126997,78612,1442,92.0,60.0
Madhya Pradesh,Seoni,22.33230487804874,79.66053863928111,456,1379131,695879,683252,1182,228695,684434,335045,47542,376404,26893,809922,363037,205237,54607,180853,71679,1369,98.0,63.0
Madhya Pradesh,Shahdol,23.44859864559819,81.4596831828442,460,1066063,540021,526042,1733,113184,493057,233594,57846,258991,24255,645619,269145,150655,56765,132438,53730,1302,97.0,57.0
Madhya Pradesh,Shajapur,23.566620317220547,76.33555181268885,436,1512681,780520,732161,1382,232735,717871,312611,73997,303157,32204,901161,369741,240768,40196,152577,86441,1647,94.0,59.0
Madhya Pradesh,Sheopur,25.78014810996563,77.16911116838484,418,687861,361784,326077,273,74770,277455,150146,26376,115261,11701,449974,155063,82416,25063,72633,41950,693,90.0,48.0
Madhya Pradesh,Shivpuri,25.37802451874367,77.74861600810549,423,1726050,919795,806255,1852,148128,759281,367859,66759,220440,35706,1106084,389652,227989,61280,177114,102584,1827,88.0,52.0
Madhya Pradesh,Sidhi,24.17547189952905,82.1053783359498,462,1127033,575912,551121,837,102228,461760,250953,25916,262030,9569,721531,253685,150959,45330,109754,70332,3019,96.0,53.0
Madhya Pradesh,Tikamgarh,25.14099852104666,78.89357064846428,424,1445166,760355,684811,1090,132725,655318,322772,60220,223852,21489,898323,343824,201875,46053,152296,84868,1591,90.0,52.0
Madhya Pradesh,Ujjain,23.319288862745065,75.80383717647058,435,1986864,1016289,970575,7501,323379,897442,300765,188684,302003,123526,1156749,508302,320502,46726,203426,106544,2599,96.0,62.0
Madhya Pradesh,Umaria,23.59601063063061,80.90879477477475,431,644758,330674,314084,839,67975,289691,138100,29966,145690,12713,403030,158140,82984,28511,76556,35468,692,95.0,55.0
Madhya Pradesh,Vidisha,23.82838307984792,77.9013507604563,443,1458875,769568,689307,1926,181510,550402,292579,83830,228308,41617,919239,335690,203005,45087,149467,89879,1583,90.0,59.0
Maharashtra,Akola,20.746310479041902,77.12122320359276,501,1813906,932334,881572,6163,314490,768154,308158,196077,388521,107463,998769,483200,327932,54381,234221,86078,3948,95.0,78.0
Maharashtra,Amravati,21.16520991810736,77.67583503184723,503,2888445,1480768,1407677,9438,512492,1236322,508921,272894,667943,175917,1540590,783549,553265,92293,398987,124902,6236,95.0,78.0
Maharashtra,Aurangabad,20.0979228832952,75.32072196796334,235,2540073,1318684,1221389,2362,44456,837770,428291,49006,426096,24106,1626969,564571,340948,30619,137515,143408,2215,93.0,58.0
Maharashtra,Aurangabad,20.0979228832952,75.32072196796334,515,3701282,1924469,1776813,23258,589477,1575079,551789,427343,396630,246324,2211996,909771,571932,85884,415993,186833,8119,92.0,68.0
Maharashtra,Bhandara,21.211792649727748,80.10950199637024,506,1200334,605520,594814,2932,227025,597305,283843,72575,312183,55948,626978,333120,232754,38950,180328,50895,2237,98.0,75.0
Maharashtra,Bid,18.952353340080982,75.69319706477731,523,2585049,1349106,1235943,5614,402052,1255548,563114,135457,373566,82098,1473882,614615,494436,71277,296136,151010,4179,92.0,66.0
Maharashtra,Buldana,20.56680611183355,76.39017880364096,500,2586258,1337560,1248698,4767,423036,1219641,575405,152787,603227,103898,1467457,641840,473071,80047,321880,127921,4421,93.0,73.0
Maharashtra,Chandrapur,20.095609090909075,79.31556380471388,509,2204307,1123834,1080473,8239,418666,1058172,451324,233331,473983,172661,1163802,629890,403719,89601,352330,78830,5085,96.0,72.0
Maharashtra,Dhule,21.274018690400517,74.58719071837263,498,2050862,1054031,996831,6065,315332,936370,382777,146013,429536,126138,1167569,513908,350747,48076,217726,112622,3583,95.0,63.0
Maharashtra,Gondiya,21.225008411214997,80.17522698598128,507,1322507,661554,660953,2866,239981,665419,319702,66813,281414,38044,704214,371908,244111,37863,178543,64380,2183,100.0,76.0
Maharashtra,Hingoli,19.59525302245251,77.09239412780653,512,1177345,606294,571051,1221,159114,569182,242456,41913,226483,27700,692117,281905,201828,24157,120315,66399,1853,94.0,67.0
Maharashtra,Jalgaon,20.8828943415638,75.55140421810695,499,4229917,2197365,2032552,14297,720791,1863571,796223,373565,937174,350029,2352671,1080237,763529,124995,512687,207987,7988,92.0,68.0
Maharashtra,Jalna,19.984612534818933,75.98473607242339,514,1959046,1011473,947573,3791,288895,930886,404746,98084,300937,60219,1150104,454836,341479,47401,205666,109422,3363,94.0,61.0
Maharashtra,Kolhapur,16.44881301587301,74.12897150793648,530,3876001,1980658,1895343,22269,770005,1704054,796496,382818,266028,340318,1972486,1084858,801590,106174,502014,166043,8464,96.0,73.0
Maharashtra,Latur,18.348687268993856,76.75812607802874,524,2454196,1273140,1181056,6217,381722,1046857,428616,157016,416578,96018,1406364,584243,453229,49246,257585,134259,4574,93.0,67.0
Maharashtra,Nagpur,21.196556862745105,79.02166176470584,505,4653570,2384975,2268595,57964,917626,1868560,430844,877522,423587,599780,2460820,1361821,818467,127603,647880,182251,14073,95.0,79.0
Maharashtra,Nanded,19.209316983017,77.6829048951049,511,3361292,1730075,1631217,7548,488748,1493953,591119,230563,632395,116284,2008314,809135,535827,70675,365093,179714,6214,94.0,65.0
Maharashtra,Nandurbar,21.523175625248147,74.32638757443429,497,1648295,833170,815125,2579,186202,792065,333440,71572,438176,54335,1011352,390419,241534,42288,163042,93252,2446,98.0,55.0
Maharashtra,Nashik,20.266912871287143,74.03824168316828,516,6107187,3157186,2950001,45039,904710,2763328,904661,764271,730228,536781,3580633,1567252,948469,132456,662495,298134,13629,93.0,71.0
Maharashtra,Osmanabad,18.19459456066944,75.99495575313809,525,1657576,861535,796041,3209,240042,773916,367158,77832,299525,49180,917343,393539,343021,51380,190464,87928,2786,92.0,69.0
Maharashtra,Parbhani,19.31032425249168,76.70163338870431,513,1836086,942870,893216,3982,272486,822797,293480,133759,317806,59272,1078349,436486,313455,41162,189010,106170,3410,95.0,63.0
Maharashtra,Pune,18.51696171428573,74.12922881632647,521,9429408,4924105,4505303,235018,1925019,4048993,1165718,2056739,414461,1410448,5184734,2624165,1586132,332841,1286031,364149,27223,91.0,76.0
Maharashtra,Raigarh,18.453257637845976,73.0090609418579,403,1493984,750278,743706,3342,297308,690167,354278,66638,323788,27771,841958,398257,253488,85832,200941,67366,1575,99.0,64.0
Maharashtra,Raigarh,18.453257637845976,73.0090609418579,520,2634200,1344345,1289855,38570,547206,1072969,581868,377160,191182,328277,1414154,748339,462741,100690,362797,109995,6097,96.0,74.0
Maharashtra,Ratnagiri,17.210195070127703,73.25725893866404,528,1615069,761121,853948,7752,367352,714076,538538,100824,153117,100860,777431,438905,396967,97527,212475,68615,3484,112.0,74.0
Maharashtra,Sangli,17.154930181086502,74.70713822937628,531,2822143,1435728,1386415,13212,485126,1215104,626872,226801,290693,227034,1450907,752303,603739,82761,331678,131446,5798,97.0,73.0
Maharashtra,Satara,17.6737908974359,74.18052064102558,527,3003741,1510842,1492899,14093,562653,1354947,774522,200949,297241,271186,1517324,800492,671702,101753,359607,137863,5649,99.0,74.0
Maharashtra,Sindhudurg,16.170948049777163,73.51329008172343,529,849651,417332,432319,3517,194228,347178,295847,44989,81816,42540,382024,242296,222963,49175,114147,34018,1749,104.0,78.0
Maharashtra,Solapur,17.837357937584812,75.42394823609216,526,4317756,2227852,2089904,15145,595560,1898395,779929,376302,558334,248255,2402794,1089900,809935,111765,469237,215367,8995,94.0,67.0
Maharashtra,Thane,19.698767747440264,72.79882742564581,517,11060148,5865078,5195070,256170,2231800,4492767,713994,2904157,418004,1610460,6184519,3241888,1579921,350327,1535929,451745,35118,89.0,74.0
Maharashtra,Wardha,20.80743024390242,78.57259105691062,504,1300774,668385,632389,4313,266155,608235,268486,120218,282170,114029,659540,370227,270107,47313,201617,47580,2754,95.0,78.0
Maharashtra,Washim,20.282282394366213,77.25502394366208,502,1197160,620302,576858,1875,196022,569792,274925,55921,310195,36840,682919,302425,210185,36462,151658,59947,1942,93.0,73.0
Maharashtra,Yavatmal,20.04258346738159,78.05326371760479,510,2772348,1419965,1352383,6094,446516,1355999,629243,168889,739718,134500,1549263,733258,483813,105064,403805,117638,4937,95.0,73.0
Manipur,Bishnupur,24.50712111801243,93.8246236024845,275,237399,118782,118617,676,34364,109937,34977,21172,15109,11393,135220,62907,38815,3192,24938,14808,226,100.0,66.0
Manipur,Chandel,24.2635812987013,94.09443844155844,280,144182,74579,69603,184,18764,76238,30377,3783,8315,1424,86255,39324,18329,3946,15386,8534,250,93.0,63.0
Manipur,Churachandpur,24.30309718875504,93.38671506024085,274,274143,138820,135323,837,29894,122655,52972,4853,8282,13371,168608,67802,37096,5218,22736,17268,327,97.0,71.0
Manipur,Senapati,25.08465586034914,94.03366234413956,272,479148,247323,231825,256,22798,233622,38008,1826,30369,2430,314439,111516,52008,2835,16797,13208,823,94.0,55.0
Manipur,Tamenglong,24.98312942238265,93.49450740072204,273,140651,72371,68280,125,11541,70675,23982,4119,1924,1229,90273,33290,16924,1747,11219,9422,90,94.0,60.0
Manipur,Thoubal,24.545392553191498,93.97959893617023,276,422168,210845,211323,880,49507,195319,65961,38302,33106,15994,251975,107196,62060,6480,49873,25862,539,100.0,64.0
Manipur,Ukhrul,25.05900314960629,94.44129566929138,279,183998,94718,89280,276,14026,87929,36084,5806,3852,1659,113715,43646,25165,5017,15806,12397,79,94.0,71.0
Meghalaya,East Garo Hills,25.82728228228228,90.64684924924916,294,317917,161223,156694,288,24550,126073,62698,11518,19246,1839,216742,70424,29926,4950,26346,20576,450,97.0,60.0
Meghalaya,East Khasi Hills,25.303763888888884,91.75922519841272,298,825922,410749,415173,5032,135941,326786,106248,108843,40889,41496,545961,192428,86576,23444,76900,46821,1456,101.0,70.0
Meghalaya,Jaintia Hills,25.33959557069844,92.37608160136298,299,395124,196285,198839,510,41677,154180,76546,7171,35766,7150,291097,72934,30362,5770,23935,24677,528,101.0,47.0
Meghalaya,South Garo Hills,25.240568578553614,90.64560349127176,295,142334,73170,69164,179,10940,53069,35930,3713,5565,482,97082,30605,14495,2219,9858,8929,139,95.0,58.0
Meghalaya,West Garo Hills,25.495285185185185,90.03709947089942,293,643291,324159,319132,1630,51301,255693,139351,18594,39725,10006,427629,143604,70599,12701,58500,41203,791,98.0,56.0
Meghalaya,West Khasi Hills,25.500889926739926,91.25364542124538,296,383461,193715,189746,149,32873,163345,74832,12299,37184,476,278569,69988,33431,5670,24288,23307,479,98.0,60.0
Mizoram,Aizawl,23.90781335453101,92.85359459459472,283,400309,199270,201039,4019,79804,174636,20570,80341,11434,64710,235892,108094,56092,11212,43041,22808,963,101.0,85.0
Mizoram,Champhai,23.54166580976866,93.24221799485862,284,125745,63388,62357,186,23948,60342,18395,12717,5823,9115,78778,29690,17189,3608,12517,7908,187,98.0,80.0
Mizoram,Kolasib,24.2020004347826,92.73470391304348,282,83955,42918,41037,367,14853,36672,9669,12507,5921,8787,52147,20576,11167,2474,8927,4932,142,96.0,78.0
Mizoram,Lawngtlai,22.36102843137253,92.66964156862753,287,117894,60599,57295,162,9283,45566,21993,5273,3153,5213,80723,25303,11831,2478,11321,7639,242,95.0,53.0
Mizoram,Lunglei,23.007717036172675,92.63512555425892,286,161428,82891,78537,482,26394,78292,21479,17315,10662,14037,100250,39690,21424,4460,16569,9832,274,95.0,75.0
Mizoram,Mamit,23.73852942502819,92.4330803833147,281,86364,44828,41536,90,12158,39339,16726,4129,2553,4010,55914,20082,10318,2483,8670,5166,94,93.0,70.0
Mizoram,Saiha,22.35744801061008,93.02827931034489,288,56574,28594,27980,168,7400,19461,7043,5784,957,4783,37127,12784,6636,1242,4996,3809,88,98.0,75.0
Mizoram,Serchhip,23.263864705882344,92.914158496732,285,64937,32851,32086,131,12315,32397,7472,8018,1284,5511,39568,15894,9404,1709,5948,3988,118,98.0,84.0
Nagaland,Dimapur,25.814176811594223,93.75074057971014,265,378811,197394,181417,3303,71413,151350,49116,62853,8990,42378,243392,98601,36618,11627,40012,21726,866,92.0,73.0
Nagaland,Kohima,25.60311428571428,93.78600657596373,270,267988,138966,129022,1928,50724,114825,31845,44255,2198,20712,173701,68485,25557,9326,22915,16961,677,93.0,74.0
Nagaland,Mokokchung,26.478911764705888,94.522426006192,262,194622,101092,93530,537,40154,100067,37536,17742,9166,7236,111243,52853,30363,6656,21336,13619,346,93.0,82.0
Nagaland,Mon,26.69207374301676,95.03072988826828,261,250260,131753,118507,178,14398,147654,43607,7415,10836,1080,168773,53600,27437,3015,13754,20409,381,90.0,48.0
Nagaland,Phek,25.63272986577182,94.56814563758392,266,163418,83743,79675,170,36182,80277,38903,7295,3159,2073,108514,37842,16969,9022,16854,10753,219,95.0,65.0
Nagaland,Tuensang,26.21104453280316,94.85809880715708,267,196596,101933,94663,155,24998,98154,40690,9451,3913,773,134573,43210,18762,3992,15138,17278,228,93.0,60.0
Nagaland,Wokha,26.202611551155112,94.1990815181518,264,166343,84505,81838,198,25268,78412,38499,8170,6438,3228,106951,40510,18811,3703,13080,15026,359,97.0,77.0
Nagaland,Zunheboto,26.028178205128206,94.50026666666668,263,140757,71217,69540,261,28846,79466,31267,6044,11955,1433,91709,32267,16730,4193,12086,12308,275,98.0,73.0
Orissa,Baleshwar,21.48570932311624,87.08085828011933,377,2320529,1185787,1134742,7370,296834,932707,601154,82440,358214,36478,1303828,622575,390611,74524,332079,103304,2664,96.0,70.0
Orissa,Bhadrak,20.95262735257214,86.81496204516931,378,1506337,760260,746077,2637,164636,468599,373862,54244,151377,15864,848660,393629,260486,29001,172525,86164,1711,98.0,73.0
Orissa,Cuttack,20.407640646029623,85.7776810228802,381,2624470,1352760,1271710,15046,349587,936365,579529,210768,248298,103177,1372301,743090,499895,72341,358552,111395,3852,94.0,77.0
Orissa,Dhenkanal,20.79887159353349,85.53226836027711,383,1192811,612593,580218,1810,117172,435533,315390,36979,163636,19846,641697,326233,222398,43001,176751,52484,1334,95.0,70.0
Orissa,Gajapati,19.121080882352945,84.14015091911759,389,577817,282882,294935,635,63112,293933,152095,23050,153199,12035,345387,144043,85072,21096,69329,32974,617,104.0,45.0
Orissa,Ganjam,19.2632617564534,84.80297710437702,388,3529031,1779218,1749813,9049,405298,1501772,795476,219918,565448,120191,1980232,924756,613249,101398,429102,187270,4377,98.0,63.0
Orissa,Jharsuguda,21.827058566978184,83.93581682242987,371,579505,296690,282815,2498,81433,247707,103224,73962,56809,18950,320156,159477,98555,23228,81687,26277,870,95.0,70.0
Orissa,Kalahandi,19.784253092783523,83.1124043814433,395,1576869,787101,789768,1953,91171,751930,456336,38412,436733,17610,880160,415778,275533,94732,238726,66964,1562,100.0,51.0
Orissa,Kandhamal,20.092878624813142,84.02216352765326,390,733110,359945,373165,768,28736,355349,218446,24489,162932,6938,436625,177471,117777,33600,92241,41443,739,104.0,55.0
Orissa,Kendrapara,20.606319815982264,86.83763247572003,379,1440361,717814,722547,1628,173107,466890,414749,23494,143864,15879,771284,374559,290894,39580,196212,76547,1540,101.0,76.0
Orissa,Khordha,20.054162322274863,85.52234834123229,386,2251673,1167137,1084536,35701,349860,792193,331834,356895,116274,160277,1199521,653346,391701,62638,306708,96982,4186,93.0,78.0
Orissa,Koraput,18.82627794779476,82.81278469846964,398,1379647,678809,700838,3988,85766,693406,381789,78339,290626,39631,818578,348803,207206,81466,183550,67257,1519,103.0,41.0
Orissa,Malkangiri,18.25227930367506,81.98293636363628,399,613192,303624,309568,448,24604,310666,167884,15839,106353,4738,381913,146355,83284,23610,76786,34167,564,102.0,40.0
Orissa,Mayurbhanj,21.897621545157754,86.4030408052231,376,2519738,1256213,1263525,2950,140189,1223534,689110,64479,568755,29031,1449729,650135,414076,103461,341257,126527,2747,101.0,54.0
Orissa,Nayagarh,20.192895622119817,85.05614700460825,385,962789,502636,460153,1163,124984,343633,261646,26688,120129,11159,502136,262086,196994,34000,151006,40150,984,92.0,71.0
Orissa,Nuapada,20.471309512195116,82.59152536585364,394,610382,301962,308420,757,43976,305438,197258,11869,149834,6414,344075,152681,112325,33755,94057,29939,205,102.0,49.0
Orissa,Puri,19.83509174603177,85.86698989898981,387,1698730,865380,833350,3416,201605,621676,402014,72210,163942,33331,888134,477430,328666,38807,231885,81794,2027,96.0,76.0
Orissa,Rayagada,19.292840020060204,83.45860120361095,396,967911,471960,495951,1553,61543,467122,237343,49205,248175,24924,577569,245766,140825,45359,124357,50421,1074,105.0,42.0
Orissa,Sambalpur,21.515752380952385,84.34958483245157,372,1041099,526877,514222,5231,126498,505840,220697,94798,160798,33612,565700,286575,186726,45534,152584,45780,1548,98.0,68.0
Orissa,Sundargarh,22.06354819277107,84.50524819277099,374,2093437,1061147,1032290,12787,223537,873227,387911,230151,253327,77581,1188918,573238,324436,77393,278223,102594,3130,97.0,64.0
Puducherry,Karaikal,10.876161726078813,79.82369793621002,637,200222,97809,102413,1868,47880,68301,35618,33715,13077,28366,102333,60089,37434,8722,33606,6876,4890,105.0,77.0
Puducherry,Mahe,12.006420793787758,75.28275021570326,636,41816,19143,22673,574,7150,11802,0,12110,82,3632,19760,12543,9428,587,3559,1709,10027,118.0,87.0
Puducherry,Yanam,16.707695652173904,82.26187304347832,634,55626,27301,28325,207,12859,16760,0,15519,3324,10399,31973,15235,8402,1879,9821,1521,10027,104.0,71.0
Punjab,Amritsar,31.548679820627772,74.79883856502238,49,2490656,1318408,1172248,29961,461231,917856,275477,385476,121599,279993,1384987,667193,436496,36730,276797,138044,6979,89.0,68.0
Punjab,Bathinda,30.190524611973352,75.05685898004438,46,1388525,743197,645328,11284,255650,549986,218159,137563,128382,118427,754927,377707,255283,22061,152743,73819,3365,87.0,61.0
Punjab,Faridkot,30.591187250996025,74.79751553784862,45,617508,326671,290837,4348,113549,221555,99946,58917,54058,62103,336540,164962,113721,9028,67572,34001,1540,89.0,62.0
Punjab,Fatehgarh Sahib,30.64290947368421,76.36208394736842,40,600163,320795,279368,5138,113683,214783,117559,57337,21389,64037,321018,166781,111028,10543,65329,31413,1640,87.0,71.0
Punjab,Firozpur,30.63407535211269,74.40245732394365,43,2029074,1071637,957437,10042,349662,756695,348522,153868,227971,141899,1171770,525459,331259,26727,209891,112699,4283,89.0,60.0
Punjab,Gurdaspur,32.04283371212125,75.3204064393939,35,2298323,1212617,1085706,14428,411216,757138,420860,185488,100684,244468,1261421,611353,423301,28916,247200,126141,5982,90.0,71.0
Punjab,Hoshiarpur,31.55157169811319,75.8469857442349,38,1586625,809057,777568,13747,319930,499822,422673,128592,74362,201675,831741,422782,330671,38352,198627,78502,4305,96.0,76.0
Punjab,Jalandhar,31.250336907216507,75.54400350515463,37,2193590,1145211,1048379,39082,446200,774472,330339,377791,66664,299449,1159156,616431,416449,52315,273097,107202,6883,92.0,74.0
Punjab,Kapurthala,31.336592638036837,75.47641165644177,36,815168,426311,388857,9732,161206,284165,165433,95770,42387,110555,433331,222324,157833,17794,96950,41775,2472,91.0,71.0
Punjab,Ludhiana,30.76596397379912,75.83110851528383,41,3498739,1867816,1630923,58589,703624,1284822,395032,641789,98646,488757,1901528,980046,614258,76808,417697,181920,10593,87.0,73.0
Punjab,Mansa,29.919547714285724,75.4304922857143,47,769751,408732,361019,2673,140099,328512,145603,50786,90367,39414,420050,200882,146103,10556,83497,43195,1694,88.0,55.0
Punjab,Moga,30.756540067340065,75.1600845117845,42,995746,525920,469826,7897,183396,359172,214295,74144,82397,89445,535408,258826,194768,15002,106380,56638,2774,89.0,63.0
Punjab,Muktsar,30.31243303303303,74.5518747747748,44,901896,475622,426274,4571,166585,335326,149507,74650,111014,76441,495167,242628,162297,12662,97967,50539,2025,90.0,58.0
Punjab,Patiala,30.214540380693364,76.27505893949697,48,1895686,1002522,893164,24274,352929,660267,299279,218090,89123,209192,1042519,517079,335100,28857,212045,97179,5679,89.0,67.0
Punjab,Rupnagar,30.910937330754347,76.53743500967126,51,684627,357485,327142,6600,129123,233676,148162,60537,21520,67749,365300,185424,131707,11367,76248,36233,2034,92.0,73.0
Punjab,Sangrur,30.185045204336895,75.89437014178496,53,1655169,878029,777140,10736,305557,568758,292156,156788,91799,135280,904316,435148,311621,23946,175723,90990,3943,89.0,61.0
Rajasthan,Ajmer,26.199300378787903,74.6990419191919,119,2583052,1324085,1258967,13499,393498,1053722,409335,274919,145523,171799,1561077,629951,388040,60278,230721,147203,4339,95.0,59.0
Rajasthan,Alwar,27.55271738035265,76.65359630562563,104,3674179,1939026,1735153,9750,485723,1708542,782294,212967,216772,123478,2346721,836000,490137,54747,288169,205655,5732,89.0,59.0
Rajasthan,Banswara,23.453642032967014,74.44246868131869,125,1797485,907754,889731,2324,120603,916574,390437,39407,199370,34189,1153029,406214,216554,43467,192481,116222,2734,98.0,46.0
Rajasthan,Baran,24.98023243243244,76.86210651828291,128,1222755,633945,588810,1363,161310,552583,249184,69804,185037,32685,762204,286344,173100,28791,120591,76898,1741,93.0,57.0
Rajasthan,Barmer,25.77070908045978,71.50297126436782,115,2603751,1369022,1234729,2766,126494,1202482,542825,55980,132696,39580,1731122,527629,326476,38224,180122,184503,3437,90.0,46.0
Rajasthan,Bharatpur,27.32411858037578,77.21752077244258,105,2548462,1355726,1192736,4179,288723,1071154,479437,129697,238894,61113,1659515,546362,329127,34541,174085,154757,3699,88.0,58.0
Rajasthan,Bhilwara,25.45119767759564,74.63947595628417,122,2408523,1220736,1187787,6207,373644,1148165,530015,145865,163052,93768,1439454,589476,365023,79351,239919,141742,3694,97.0,52.0
Rajasthan,Bikaner,28.12489068322981,73.26943322981371,101,2363937,1240801,1123136,7607,220793,986208,335754,196179,103833,108812,1543867,517271,288165,26098,152709,139477,3411,91.0,54.0
Rajasthan,Bundi,25.48580716049379,75.79984074074079,121,1110906,577160,533746,1392,136969,526091,239836,63452,111388,33406,686771,267648,155958,27814,110344,67553,1723,92.0,53.0
Rajasthan,Chittaurgarh,24.631623761665463,74.80010997846382,126,1544338,783171,761167,4941,268172,802755,366780,88873,123469,59190,880043,398303,258997,53403,171060,84548,3238,97.0,53.0
Rajasthan,Churu,28.29330375536484,74.65846427038629,102,2039547,1051446,988101,2577,231696,902829,344897,148996,87983,74197,1293193,458725,272176,20461,157157,123209,3361,94.0,56.0
Rajasthan,Dausa,26.91234817629181,76.57342097264443,109,1634409,857787,776622,1719,195277,684495,361084,59610,76277,35600,1047136,358718,210117,29693,129560,100766,2286,91.0,57.0
Rajasthan,Dhaulpur,26.72397054945053,77.74476219780222,106,1206516,653647,552869,1330,96086,523212,214670,58626,74342,24561,815651,248416,141365,18995,78118,78457,1641,85.0,57.0
Rajasthan,Dungarpur,23.75104807692308,73.84765641025645,124,1388552,696532,692020,1477,141275,641515,322816,31547,184330,26351,868458,317700,191917,31327,145073,95634,2030,99.0,49.0
Rajasthan,Ganganagar,29.256785412667963,73.56192303262948,99,1969168,1043340,925828,6295,283142,912672,397697,164897,230438,88543,1167889,502211,283484,36897,205706,106572,3332,89.0,61.0
Rajasthan,Hanumangarh,29.1813351791531,74.74632573289902,100,1774692,931184,843508,3360,243163,835260,389059,108694,166833,55515,1058044,453114,242361,25778,177261,97663,2709,91.0,58.0
Rajasthan,Jaipur,27.033459290187885,75.77117286012533,110,6626178,3468507,3157671,76565,990085,2464893,754841,977838,131523,570997,4091148,1646480,884057,101991,557723,342195,12219,91.0,65.0
Rajasthan,Jaisalmer,26.86900838548185,71.18371877346682,114,669919,361708,308211,754,43141,288903,159117,30830,43872,12431,448969,140294,79977,11490,45064,43972,986,85.0,46.0
Rajasthan,Jalor,25.07578093797277,72.18647261724662,116,1828730,936634,892096,1585,161845,896644,419216,48202,158013,39745,1176496,390598,249379,26776,133261,135499,2470,95.0,45.0
Rajasthan,Jhalawar,24.24725541474657,76.11242891705065,129,1411129,725143,685986,1750,220428,685950,298624,63763,209772,38909,850546,346110,213674,37434,145806,81326,1962,95.0,52.0
Rajasthan,Jhunjhunun,28.13517401247401,75.52840893970894,103,2137045,1095896,1041149,4828,297559,894649,500452,150357,68878,131987,1298780,494124,330126,25732,189011,122785,3300,95.0,64.0
Rajasthan,Jodhpur,26.678460838536967,73.00450847457628,113,3687165,1923928,1763237,19335,408808,1489741,584215,307442,242017,197135,2359786,836322,489280,52839,279280,224523,5708,92.0,55.0
Rajasthan,Karauli,26.51901555555556,76.96081818181815,107,1458248,783639,674609,1059,132079,628726,305047,59308,115367,28296,947173,310688,192042,27449,113609,94555,1987,86.0,55.0
Rajasthan,Kota,25.175718080000014,76.18618928000001,127,1951014,1021161,929853,12843,339899,748811,203454,311735,134992,165563,1177474,495896,275396,47381,205204,103081,3394,91.0,67.0
Rajasthan,Nagaur,27.07862016048146,74.14215667001012,112,3307743,1696325,1611418,4449,347344,1425882,675712,166489,263401,97267,2088323,754143,463469,50262,256563,205188,4863,95.0,53.0
Rajasthan,Pali,25.80490393541874,73.55285640766907,118,2037573,1025422,1012151,4043,326793,842327,512909,139808,237280,94821,1207983,467436,343384,62891,194781,139518,3317,99.0,53.0
Rajasthan,Rajsamand,25.24894767441859,73.96570215946844,123,1156597,581339,575258,1989,193276,550831,304622,61054,106587,36073,687165,275099,193668,40848,114960,73846,1821,99.0,54.0
Rajasthan,Sawai Madhopur,26.251081180223288,76.4219283891548,108,1335551,704031,631520,1887,140947,578068,282057,71264,88804,40116,841697,309237,183234,31975,118651,82789,1900,90.0,56.0
Rajasthan,Sikar,27.64644058641976,75.29317422839503,111,2677333,1374990,1302343,5647,339457,1006504,527560,178274,87889,131342,1672813,605002,381226,26654,192243,155915,4033,95.0,62.0
Rajasthan,Sirohi,24.7976905263158,72.75309131578943,117,1036346,534231,502115,2146,134089,419829,238535,69639,97823,47182,649290,244401,142251,22755,95045,70076,1621,94.0,46.0
Rajasthan,Tonk,26.153935071707927,75.79192216427637,120,1421326,728136,693190,1908,158264,649161,298911,81755,113426,32359,880194,334006,205593,31598,127103,84470,2145,95.0,53.0
Rajasthan,Udaipur,24.44076752136749,73.84029839743584,130,3068420,1566801,1501619,14211,357846,1365783,665449,182769,302968,128320,1876436,739287,451034,84623,311221,188179,5101,96.0,52.0
Sikkim,East,27.29600352941175,88.74908392156858,93,1709346,907500,801846,80037,352758,579692,1086,461132,3094,327253,948963,497157,262124,42887,209378,82972,7151,88.0,79.0
Tamil Nadu,Ariyalur,11.190514836795256,79.22249643916912,616,754894,374703,380191,1749,177502,359851,223955,30322,166837,39642,380484,216103,157771,43195,125800,27758,1258,101.0,64.0
Tamil Nadu,Chennai,13.058098905608748,80.28139151846806,603,4646732,2335844,2310888,217368,1096334,1817297,0,1314125,13674,910262,2271657,1468902,899279,169721,798018,122912,15742,99.0,81.0
Tamil Nadu,Coimbatore,10.871376995940452,77.07619012178621,632,3458045,1729297,1728748,63273,896325,1567950,284795,884957,230026,675153,1579517,1117221,757738,202265,668312,69356,13938,100.0,76.0
Tamil Nadu,Cuddalore,11.57587300613498,79.63002365371497,617,2605914,1311697,1294217,15396,598412,1169880,497429,260780,539412,244610,1364411,764669,473617,101083,431186,97658,5300,99.0,70.0
Tamil Nadu,Dharmapuri,12.300141200000006,78.11509813333339,630,1506843,774303,732540,3651,337972,751170,396819,91107,267345,104785,804186,434328,267536,67669,252941,56310,2364,95.0,61.0
Tamil Nadu,Dindigul,10.377801390820574,77.78011279554937,612,2159775,1080938,1078837,9155,500057,1105155,443818,269724,467959,209640,1065734,647806,443528,113811,375642,68502,4682,100.0,69.0
Tamil Nadu,Erode,11.267012155963302,77.42034334862392,610,2251744,1129868,1121876,18604,595211,1195773,411286,432398,370212,371015,1006543,701326,542295,179881,434027,42331,7719,99.0,66.0
Tamil Nadu,Kancheepuram,12.496424756511884,80.08820360135913,604,3998252,2012958,1985294,100322,961161,1673814,438799,774705,272514,622095,2076492,1200284,715895,166082,701330,115195,8349,99.0,75.0
Tamil Nadu,Kanniyakumari,8.183466300191206,77.32053064053538,629,1870374,926345,944029,15673,465692,679620,104253,493788,72867,199188,887052,556548,425849,77429,348564,57448,4377,102.0,83.0
Tamil Nadu,Karur,10.79532776617955,78.08749686847604,613,1064493,528184,536309,4915,264949,543298,212241,152420,200837,135831,501585,320645,241843,67478,185113,32276,2151,102.0,68.0
Tamil Nadu,Madurai,9.904313833333331,78.01366033333332,623,3038252,1526475,1511777,34097,754141,1354632,417718,592723,372828,391821,1528178,913715,593827,153915,552457,83006,6917,99.0,75.0
Tamil Nadu,Nagapattinam,10.789468161718286,79.79437299431483,618,1616450,798127,818323,5585,381940,671994,399016,118724,345057,143846,828444,463326,323706,80737,273370,54186,3026,103.0,75.0
Tamil Nadu,Namakkal,11.33766638477801,78.14624841437633,609,1726601,869280,857321,8960,441044,898245,370357,257127,253726,265276,817905,510413,397064,124286,313747,38032,3824,99.0,68.0
Tamil Nadu,Perambalur,11.260137758112096,78.86034011799416,615,565223,282157,283066,1507,135751,299726,155413,33179,118278,49390,291371,158218,115151,35672,95746,16991,979,100.0,66.0
Tamil Nadu,Pudukkottai,10.130514816433578,79.05444484265728,621,1618345,803188,815157,4494,354493,761693,399712,104229,305149,82967,835853,470428,311175,59334,255959,68484,2812,101.0,69.0
Tamil Nadu,Ramanathapuram,9.31286995153476,78.99185362412462,626,1353445,682658,670787,5172,291400,602977,290478,126761,153874,100484,708322,389764,252888,50029,215193,56029,2340,98.0,72.0
Tamil Nadu,Salem,11.629324202127655,78.2478257978723,608,3482056,1781571,1700485,20660,835377,1694160,572813,597539,454210,448968,1737345,1029479,713294,196664,611941,104034,8169,95.0,66.0
Tamil Nadu,Sivaganga,9.960306580645158,78.56535729032255,622,1339101,668672,670429,5773,314270,620171,309224,143193,199563,113822,666218,391356,280462,64170,226250,46184,2456,100.0,72.0
Tamil Nadu,Thanjavur,10.387692255892237,79.3194869107745,620,2405890,1182416,1223474,13495,555582,974079,479070,274302,415361,223044,1193095,712017,499235,109324,405697,82659,4914,103.0,74.0
Tamil Nadu,Theni,9.924066666666668,77.43458833333332,624,1245899,625683,620216,4667,312310,591642,189328,221295,315161,147529,618923,373564,252267,75790,230233,32434,2642,99.0,70.0
Tamil Nadu,Thiruvallur,13.275858101752885,80.19724702864492,602,3728104,1876062,1852042,75634,909400,1538054,387237,732196,270586,621907,1925296,1154775,643614,150892,671689,103687,7731,99.0,75.0
Tamil Nadu,Thiruvarur,10.368927409395978,79.60322893959727,619,1264277,626693,637584,4416,303114,540168,321331,86848,295188,109580,627880,377118,257116,62703,222880,39566,2272,102.0,75.0
Tamil Nadu,Tiruvannamalai,12.419318947368414,79.23265631578953,606,2464875,1235889,1228986,6445,549077,1238177,563102,147061,525063,176242,1301347,683904,477668,96016,382614,105226,4189,99.0,66.0
Tamil Nadu,Vellore,12.784882632293078,79.02643283582084,605,3936331,1961688,1974643,20623,865913,1689330,653499,486801,391955,417535,2096113,1116437,720713,137654,615915,159413,8092,101.0,70.0
Tamil Nadu,Virudhunagar,9.468872195892564,77.87641469194315,625,1942288,967709,974579,10219,505950,950158,363782,370942,208702,235005,987538,575006,378174,133899,355973,46868,4300,101.0,72.0
Tripura,Dhalai,23.781360477941163,91.94654283088232,291,378230,194544,183686,273,46875,155831,89457,14071,42201,5532,232286,95548,50269,10050,53904,17546,455,94.0,73.0
Tripura,North Tripura,24.121739755351683,92.17842538226292,292,693947,352860,341087,997,81601,248667,150437,42184,43977,19631,414878,178608,100274,18107,93545,35094,848,97.0,75.0
Tripura,South Tripura,23.211874098057383,91.6065807585568,290,876001,447544,428457,948,133744,366845,219171,44906,111332,20246,505558,236676,133424,25902,143146,33881,1118,96.0,74.0
Tripura,West Tripura,23.780166241299337,91.41310788863107,289,1725739,879428,846311,6394,314567,698178,289621,217016,156108,103228,940424,499719,284637,48445,285029,63285,2817,96.0,79.0
Uttar Pradesh,Agra,26.99512974910393,78.05278291517321,146,4418797,2364953,2053844,27183,536402,1389844,496971,406852,234455,251013,2871903,991255,547873,47808,259888,258683,5982,87.0,61.0
Uttar Pradesh,Aligarh,27.93748576850093,78.00146831119557,143,3673889,1951996,1721893,13634,268120,1174361,582117,275942,267197,153283,2378289,787408,472667,49640,233318,235182,4290,88.0,57.0
Uttar Pradesh,Allahabad,25.392038662316445,82.05172446982063,175,5954391,3131807,2822584,24122,391542,2111907,983266,265304,541146,204357,3764404,1335224,818137,78967,338762,325893,7224,90.0,62.0
Uttar Pradesh,Ambedkar Nagar,26.39119025974028,82.68282142857147,178,2397888,1212410,1185478,2509,99581,787398,501559,65031,301120,21512,1499494,515229,367234,25726,114866,140623,2797,98.0,62.0
Uttar Pradesh,Auraiya,26.66892394014961,79.42637057356607,162,1379545,740040,639505,2404,65479,442023,255836,58438,151727,32687,856336,320763,202054,24528,106340,91569,1510,86.0,67.0
Uttar Pradesh,Azamgarh,26.008290954773837,83.01220251256285,191,4613913,2285004,2328909,6652,183381,1372032,891024,80434,452055,49699,2930243,965876,699954,39397,184249,255784,5419,102.0,60.0
Uttar Pradesh,Baghpat,29.045793499999988,77.30266300000001,139,1303048,700070,602978,2989,119121,416695,246055,69991,74500,44732,817140,283276,194548,14343,76826,80067,1514,86.0,61.0
Uttar Pradesh,Bahraich,27.691776300578027,81.46779783237004,180,3487731,1843884,1643847,2681,85814,1152160,698520,61742,482897,38940,2275746,754346,446242,74456,231407,211072,3060,89.0,40.0
Uttar Pradesh,Ballia,25.86075638297873,84.03651978723408,193,3239774,1672902,1566872,4672,119972,1019483,564927,64454,384432,62157,1975934,724362,502628,29249,153571,187993,3634,94.0,61.0
Uttar Pradesh,Balrampur,27.449076537911324,82.47158326180256,182,2148665,1114721,1033944,1551,57400,760253,410070,35768,328768,16229,1415213,442339,283947,33262,96621,116044,2174,93.0,40.0
Uttar Pradesh,Banda,25.351885902503284,80.52487391304344,170,1799410,965876,833534,1655,73522,701689,378056,67569,273458,26907,1120432,408527,265310,38806,127003,116889,1949,86.0,56.0
Uttar Pradesh,Bara Banki,26.922777025232424,81.35762350597606,176,3260699,1707073,1553626,3159,108116,1192850,635840,79068,421973,60554,2043335,709494,445269,71021,226368,197742,3230,91.0,52.0
Uttar Pradesh,Bareilly,28.51101940789474,79.43187072368416,150,4448359,2357665,2090694,15164,272830,1401971,631613,362798,326376,210687,2893965,952233,514141,65080,299042,284381,5126,89.0,49.0
Uttar Pradesh,Basti,26.833880454545447,82.69790590909092,185,2464464,1255272,1209192,3423,108101,783688,513960,31065,282260,37593,1574037,519265,363891,32903,117645,142675,2775,96.0,57.0
Uttar Pradesh,Bijnor,29.313974259681096,78.45098815489754,134,3682713,1921215,1761498,7303,268353,1088036,683875,224648,311489,128042,2404576,786305,450186,52181,257846,240708,4310,92.0,58.0
Uttar Pradesh,Bulandshahr,28.34875862068968,78.01082758620684,142,3499171,1845260,1653911,7865,223922,1173260,658449,221628,241137,124641,2246254,753949,472808,48124,227306,226492,4534,90.0,58.0
Uttar Pradesh,Chandauli,25.1180859611231,83.25307062634984,196,1952756,1017905,934851,3492,99602,652543,344937,50822,248674,32433,1222695,437000,287767,20883,103566,111692,2183,92.0,60.0
Uttar Pradesh,Chitrakoot,25.159924623803,81.07666087551297,171,991730,527721,464009,827,41046,394197,207237,23558,150695,11637,638046,214228,136669,18495,62599,62762,1019,88.0,54.0
Uttar Pradesh,Deoria,26.42218856548857,83.8244070686071,190,3100946,1537436,1563510,4469,150001,876246,597778,67928,291016,60348,1946336,664708,481219,25471,142877,184244,3643,102.0,60.0
Uttar Pradesh,Etah,27.591155309734443,78.70021858407083,201,1774480,947339,827141,2635,69591,545984,334246,67752,131779,37027,1149372,383707,237427,24684,104978,116471,3461,87.0,59.0
Uttar Pradesh,Etawah,26.78817670157068,79.07621806282728,161,1581810,845856,735954,2964,113098,506072,265643,85483,158026,47520,979633,362026,237786,26645,112947,101056,1825,87.0,67.0
Uttar Pradesh,Faizabad,26.60589185185181,82.00783530864202,177,2470996,1259628,1211368,4746,127754,831209,510378,79288,272734,58328,1534832,543148,367332,44164,156671,151205,2985,96.0,59.0
Uttar Pradesh,Farrukhabad,27.45063297872342,79.4406284574468,159,1885204,1006240,878964,2624,88081,592267,316647,94843,135679,59209,1224584,411153,246795,28887,115712,115249,2058,87.0,58.0
Uttar Pradesh,Fatehpur,25.8374362030905,80.85416203090509,172,2632733,1384722,1248011,3385,75263,1063929,558807,77733,425366,43492,1624830,603831,395547,48484,194029,176529,2868,90.0,57.0
Uttar Pradesh,Firozabad,27.20963993055552,78.42660624999998,147,2498156,1332046,1166110,5834,196080,761521,349747,185621,150221,100919,1621154,543730,312689,32144,158210,165206,2940,88.0,61.0
Uttar Pradesh,Gautam Buddha Nagar,28.393311038961038,77.52462467532465,141,1648115,890214,757901,53181,257586,569109,170835,338935,48845,193902,1015648,402967,188862,42347,163768,84350,2578,85.0,68.0
Uttar Pradesh,Ghaziabad,28.74997308584685,77.67441879350343,140,4681645,2488834,2192811,78116,695130,1520538,355407,836316,123680,501592,2891069,1139871,559963,69513,412399,263640,5946,88.0,67.0
Uttar Pradesh,Ghazipur,25.624724775583484,83.5360854578097,195,3620268,1855075,1765193,5309,105767,1204602,700173,61467,435934,36798,2234593,774130,556273,31462,159312,204877,4079,95.0,61.0
Uttar Pradesh,Gonda,27.157215552099505,82.0226888024882,183,3433919,1787146,1646773,4313,104084,1170552,673578,52794,431532,45517,2223078,734903,464584,52470,178376,194853,3614,92.0,49.0
Uttar Pradesh,Gorakhpur,26.63315886792452,83.3549560377358,188,4440895,2277777,2163118,14597,296619,1351629,761958,189170,454931,149727,2755630,992114,659677,48757,242957,262941,5455,95.0,61.0
Uttar Pradesh,Hamirpur,25.738158381502892,79.82619479768789,28,454768,217070,237698,2521,104120,241931,196116,15232,8824,34978,224044,123941,106641,17767,64353,19251,878,110.0,79.0
Uttar Pradesh,Hamirpur,25.738158381502892,79.82619479768789,168,1104285,593537,510748,1196,55929,443655,256081,55300,181449,20175,660774,260368,181109,25110,88512,73892,1291,86.0,59.0
Uttar Pradesh,Hardoi,27.337409090909137,80.26411767676768,155,4092845,2191442,1901403,3845,95508,1318946,786613,121064,406830,60689,2598364,905306,559988,78112,273230,264829,4209,87.0,54.0
Uttar Pradesh,Jalaun,26.067954587155988,79.36686911314993,165,1689974,906092,783882,2217,104176,620764,304856,91565,243035,42616,1002817,410090,274954,26460,118550,102078,1906,87.0,64.0
Uttar Pradesh,Jaunpur,25.70141280913127,82.54315351934063,194,4494204,2220465,2273739,8002,181467,1437375,926088,80582,436792,56508,2826453,927026,689979,46967,195412,249212,5261,102.0,61.0
Uttar Pradesh,Jhansi,25.45581535234902,78.89954580536917,166,1998603,1057436,941167,8517,183340,814914,309592,195321,248072,94342,1171301,510728,308331,38267,173991,108729,2651,89.0,65.0
Uttar Pradesh,Jyotiba Phule Nagar,28.870498984771597,78.39009365482241,137,1840221,963449,876772,2825,89329,599089,335888,115486,131877,55064,1227283,391275,215849,25014,125550,125019,2074,91.0,53.0
Uttar Pradesh,Kannauj,26.993988617886185,79.64437940379408,160,1656616,881776,774840,2488,61491,524676,299785,65985,129517,32510,1069916,361028,223535,26279,109000,103765,1730,88.0,61.0
Uttar Pradesh,Kanpur Dehat,26.43047641196011,79.98710083056478,163,1796184,963255,832929,2682,49753,628864,363933,41323,234069,23831,1100820,415918,276272,34030,146889,118132,2056,86.0,65.0
Uttar Pradesh,Kaushambi,25.53587532051282,81.41811282051287,174,1599596,838485,761111,1503,43753,639086,349856,30764,321410,22034,1034099,336401,210556,31326,103416,105957,1645,91.0,51.0
Uttar Pradesh,Kushinagar,26.892530675909864,83.92261542461007,189,3564544,1818055,1746489,3486,127331,1116973,742324,42775,528388,29304,2236842,772777,500373,35196,194609,224748,3704,96.0,55.0
Uttar Pradesh,Lalitpur,24.58877161016945,78.60082330508473,167,1221592,641011,580581,1079,77082,503351,258013,43819,131354,20720,793551,265080,159666,28058,94058,74048,1287,91.0,52.0
Uttar Pradesh,Lucknow,26.838233589251463,80.89706026871404,157,4589838,2394476,2195362,68506,582769,1542806,344155,717566,203029,469747,2678289,1161686,685258,84239,406787,253877,7486,92.0,68.0
Uttar Pradesh,Mahoba,25.34529670138888,79.67863003472216,169,875958,466358,409600,1316,42936,349676,198298,48525,130422,12874,527067,201394,137393,20223,65642,57356,904,88.0,56.0
Uttar Pradesh,Mainpuri,27.17386862302482,79.03501851015807,148,1868529,993377,875152,2642,79022,560840,338475,72783,137174,43074,1193660,402321,265638,26926,117640,122392,1998,88.0,64.0
Uttar Pradesh,Mathura,27.59390432801821,77.62153416856502,145,2547184,1367125,1180059,8726,281239,840939,407488,177802,179248,107867,1600686,535738,327854,32426,159951,159432,3025,86.0,59.0
Uttar Pradesh,Mau,26.01082203791469,83.50582654028433,192,2205968,1114709,1091259,2656,149908,696747,352207,99321,212343,40087,1402738,467343,323260,17390,94455,129170,2693,98.0,62.0
Uttar Pradesh,Meerut,29.02957625698323,77.80611005586593,138,3443689,1825743,1617946,23717,425624,1090539,381520,422303,153995,236071,2165117,780475,451827,40289,241587,206090,4953,89.0,62.0
Uttar Pradesh,Mirzapur,25.10207959183675,82.60126628571429,199,2496970,1312302,1184668,4447,145997,881996,465152,77963,334372,43500,1590528,552177,346773,35833,146756,139889,2875,90.0,57.0
Uttar Pradesh,Moradabad,28.851770406189537,78.73580193423597,135,4772006,2503186,2268820,11690,281758,1417811,692398,355518,338384,179473,3168270,988486,525574,62093,304648,307224,5452,91.0,47.0
Uttar Pradesh,Muzaffarnagar,29.470507977736563,77.64017847866423,133,4143512,2193434,1950078,10077,368153,1291644,673746,296104,323641,147785,2671757,911621,544283,48346,263529,261518,4871,89.0,58.0
Uttar Pradesh,Pilibhit,28.52024175035868,79.90103974175037,151,2031007,1072002,959005,2870,83006,618605,371752,89638,224192,47723,1320476,449673,256276,36357,154326,133028,2125,89.0,52.0
Uttar Pradesh,Pratapgarh,25.864842731707316,81.93530048780492,131,867848,437744,430104,716,71612,481294,209813,24269,96815,17984,545987,204801,115608,24902,91586,53867,2829,98.0,46.0
Uttar Pradesh,Pratapgarh,25.864842731707316,81.93530048780492,173,3209141,1606085,1603056,5149,140538,1066601,711085,41701,386563,46358,2002569,703727,492097,47569,184070,199577,3639,100.0,60.0
Uttar Pradesh,Rae Bareli,26.253902840059787,81.22260463378181,158,3405559,1752542,1653017,5184,247856,1204710,705025,73393,507882,65080,2116007,776583,506583,69064,256164,219117,3812,94.0,58.0
Uttar Pradesh,Rampur,28.83244727272725,79.10977333333337,136,2335819,1223889,1111930,3847,131112,737261,396775,143217,230238,62281,1576123,491164,258913,32721,150333,158241,2545,91.0,45.0
Uttar Pradesh,Saharanpur,30.03381165217392,77.59905147826095,132,3466382,1834106,1632276,9699,404499,1037344,605082,284156,273050,149035,2228689,769736,433862,44244,253552,220551,4029,89.0,60.0
Uttar Pradesh,Sant Kabir Nagar,26.791596516393444,83.0387764344262,186,1715183,869656,845527,2031,79525,539469,324972,27179,241825,17671,1108368,352395,250502,18613,75305,100000,1850,97.0,56.0
Uttar Pradesh,Shahjahanpur,27.991389350649328,79.8302275324675,152,3006538,1606403,1400135,3889,115163,892214,520289,134714,275192,91958,1961237,652237,368743,58589,201954,190971,3441,87.0,50.0
Uttar Pradesh,Sitapur,27.501995963091108,80.85288881199547,154,4483992,2375264,2108728,3874,102040,1422602,827583,111319,473554,74072,2862383,1000987,588318,98150,326643,278902,4535,89.0,51.0
Uttar Pradesh,Sonbhadra,24.46693268858798,83.06816324951639,200,1862559,971344,891215,5149,95582,730399,337048,91040,371261,40467,1203938,418914,237866,39126,136612,116835,2337,92.0,53.0
Uttar Pradesh,Sultanpur,26.2846386419753,82.05710456790123,179,3797117,1914586,1882531,5956,233701,1242632,839737,49891,501634,55055,2376875,828222,580164,58772,215780,231911,4190,98.0,59.0
Uttar Pradesh,Unnao,26.63163990895297,80.636773292868,156,3108367,1630087,1478280,3476,99466,1124744,596317,121039,332663,70484,1893706,706851,453462,65029,241767,202134,3620,91.0,57.0
Uttar Pradesh,Varanasi,25.36057088888889,82.82529666666672,197,3676841,1921857,1754984,19214,336056,1220708,438935,316129,182146,202055,2260457,856070,531549,33873,203836,195585,5059,91.0,65.0
Uttaranchal,Almora,29.683532133676103,79.50165064267351,64,622506,291081,331425,1830,109876,298211,260056,21082,10274,40199,351595,141238,128994,27291,69633,36077,742,114.0,70.0
Uttaranchal,Bageshwar,29.98703393393397,79.83954354354357,63,259898,124326,135572,435,47083,123638,96031,3880,8985,13352,147488,60569,51672,9350,31288,15087,281,109.0,69.0
Uttaranchal,Chamoli,30.58338611464965,79.56281095541402,57,391605,193991,197614,899,71524,180940,163434,22906,3845,27853,229715,93182,67873,15991,45109,21857,467,102.0,72.0
Uttaranchal,Champawat,29.29142393939393,80.07720212121217,65,259648,131125,128523,548,37725,99566,85202,12839,4032,18785,156916,60722,41913,6732,26364,16515,309,98.0,68.0
Uttaranchal,Pithoragarh,30.14720631868129,80.34229230769236,62,483439,239306,244133,1344,95421,216490,183687,26256,5432,45365,273494,116749,92517,20690,63782,24650,631,102.0,71.0
Uttaranchal,Tehri Garhwal,30.463700918635173,78.48783792650917,59,618931,297986,320945,1366,117239,280442,227059,27177,8129,50929,368324,139371,109998,25032,65081,36001,743,108.0,66.0
Uttaranchal,Udham Singh Nagar,29.02779577677222,79.45629004524895,67,1648902,858783,790119,7883,254802,591458,269406,145253,165250,116576,1042614,392370,212223,25756,150705,99492,1805,92.0,63.0
Uttaranchal,Uttarkashi,30.968958552036234,78.56880615384617,56,330086,168597,161489,602,52621,157276,112148,9061,4387,21374,202426,75997,51245,10650,32005,19802,356,96.0,65.0
West Bengal,Bankura,23.081280892857155,87.12640053571437,339,3596674,1838095,1758579,4273,334670,1466220,900515,90885,647374,45126,1942335,1014764,637834,87046,469864,154069,3959,96.0,62.0
West Bengal,Barddhaman,23.444453888888884,87.8150581111111,335,7717563,3966889,3750674,32323,1049943,2911251,1364868,862368,973182,292585,4149420,2265543,1292913,224103,1100028,303313,13547,95.0,68.0
West Bengal,Birbhum,24.06389342723,87.65153089201888,334,3502404,1790920,1711484,5210,333752,1331603,831044,134565,611510,57010,2008655,952059,539463,121364,527618,142195,3911,96.0,62.0
West Bengal,Dakshin Dinajpur,25.342094363021435,88.69821679819614,331,1676276,857199,819077,2518,168069,702987,390949,70077,279932,37186,937283,465982,271423,51947,270930,65759,2039,96.0,65.0
West Bengal,Darjiling,26.839619571045585,88.33145067024122,327,1846823,937259,909564,10943,297176,683726,303284,215675,66041,141897,1031221,523288,289979,45153,235480,85818,3146,97.0,71.0
West Bengal,Haora,22.401674174428507,87.99421176968654,341,4850029,2500819,2349210,30751,796953,1819845,483384,869313,181662,325053,2587164,1423304,833104,126429,659612,193153,9414,94.0,74.0
West Bengal,Hugli,22.87929264705881,88.00010264705891,338,5519145,2814653,2704492,31725,965258,2152870,992085,647953,583380,319815,2766489,1688206,1060821,181633,837497,198095,9450,96.0,74.0
West Bengal,Jalpaiguri,26.62642031250004,89.04154375000003,328,3872846,1983064,1889782,9322,382500,1512910,798378,319426,349672,138522,2259507,1035449,575667,100989,554594,182939,5160,95.0,65.0
West Bengal,Kolkata,22.550581481481483,88.3527648148148,342,4496694,2356766,2139928,136618,927602,1795740,0,1308106,12388,623579,2025389,1433314,1014769,171174,590949,158092,16375,91.0,80.0
West Bengal,Maldah,25.08026802575105,88.17191684549356,332,3988845,2051541,1937304,5357,297716,1537847,830318,128678,545759,54213,2511004,955283,520122,102546,492634,209643,4191,94.0,52.0
West Bengal,Murshidabad,24.25950655391121,88.16816860465121,333,7103807,3627564,3476243,7951,541169,2589907,1501066,350899,842294,92742,4390564,1717594,991413,218355,963617,320901,8088,96.0,57.0
West Bengal,Nadia,23.56410971055088,88.58293034547152,336,5167600,2653768,2513832,12787,623729,1842607,1081381,468390,556134,168314,2745828,1484986,934417,160521,856282,186713,7048,95.0,67.0
West Bengal,Puruliya,23.254192328767108,86.3968532876713,340,2930115,1496996,1433119,3551,189889,1249642,653219,99433,492205,30675,1678057,764776,484166,61264,307951,151353,3309,96.0,55.0
West Bengal,Uttar Dinajpur,26.044619165196977,88.23595232216337,330,3007134,1551066,1456068,2883,199307,1075626,683981,94269,442328,39138,1916033,704859,385155,61770,326958,179210,3214,94.0,50.0
